"Регион","Год","salary","invest","district","latitude","dist_moscow","population"
"Агинский Бурятски...",2000,995.1,0.1,"Сибирский федеральный округ",51.1,6200,71250
"Агинский Бурятски...",2001,1502.7,30.4,"Сибирский федеральный округ",51.1,6200,71476
"Агинский Бурятски...",2002,2345.9,22.5,"Сибирский федеральный округ",51.1,6200,72029
"Алтайский край",2000,1224.2,426.5,"Сибирский федеральный округ",53.35,3610,2646355
"Алтайский край",2001,1690.7,1208.3,"Сибирский федеральный округ",53.35,3610,2631066
"Алтайский край",2002,2194.2,1465.1,"Сибирский федеральный округ",53.35,3610,2611822
"Алтайский край",2003,2894.5,1979.2,"Сибирский федеральный округ",53.35,3610,2587291
"Алтайский край",2004,3495.7,2369.7,"Сибирский федеральный округ",53.35,3610,2555708
"Алтайский край",2005,4639.7,3342.9,"Сибирский федеральный округ",53.35,3610,2521470
"Алтайский край",2006,6369.1,4391.5,"Сибирский федеральный округ",53.35,3610,2488267
"Алтайский край",2007,7597.1,7043.4,"Сибирский федеральный округ",53.35,3610,2463239
"Алтайский край",2008,9973.6,8836.4,"Сибирский федеральный округ",53.35,3610,2446182
"Алтайский край",2009,9868.3,7692,"Сибирский федеральный округ",53.35,3610,2434837
"Алтайский край",2010,11029.3,7174.9,"Сибирский федеральный округ",53.35,3610,2424062
"Алтайский край",2011,12499.9,6624.5,"Сибирский федеральный округ",53.35,3610,2407072
"Алтайский край",2012,13628.9,9825,"Сибирский федеральный округ",53.35,3610,2387382
"Амурская область",2000,1825.2,214,"Дальневосточный федеральный округ",50.28,7900,929327
"Амурская область",2001,2313,601.9,"Дальневосточный федеральный округ",50.28,7900,917229
"Амурская область",2002,2874.6,928.5,"Дальневосточный федеральный округ",50.28,7900,906213
"Амурская область",2003,3852.4,1086.8,"Дальневосточный федеральный округ",50.28,7900,894411
"Амурская область",2004,4695.3,1200.1,"Дальневосточный федеральный округ",50.28,7900,880899
"Амурская область",2005,5987.7,1753.6,"Дальневосточный федеральный округ",50.28,7900,867537
"Амурская область",2006,7419,2023.7,"Дальневосточный федеральный округ",50.28,7900,855778
"Амурская область",2007,9662.3,3335.5,"Дальневосточный федеральный округ",50.28,7900,847396
"Амурская область",2008,12297.4,2372.1,"Дальневосточный федеральный округ",50.28,7900,841578
"Амурская область",2009,13196.4,1953.8,"Дальневосточный федеральный округ",50.28,7900,836886
"Амурская область",2010,14323.4,1895.4,"Дальневосточный федеральный округ",50.28,7900,831782
"Амурская область",2011,17789.7,4003.5,"Дальневосточный федеральный округ",50.28,7900,824643
"Амурская область",2012,21469.3,5955.8,"Дальневосточный федеральный округ",50.28,7900,817894
"Астраханская область",2000,1778.6,374.2,"Южный федеральный округ",46.35,1560,1010834
"Астраханская область",2001,2333.3,2791.3,"Южный федеральный округ",46.35,1560,1007395
"Астраханская область",2002,3058,3249,"Южный федеральный округ",46.35,1560,1005140
"Астраханская область",2003,3864.1,4439,"Южный федеральный округ",46.35,1560,1005427
"Астраханская область",2004,4559.4,5460.4,"Южный федеральный округ",46.35,1560,1006270
"Астраханская область",2005,5636.4,6502.7,"Южный федеральный округ",46.35,1560,1004492
"Астраханская область",2006,7035,7374.2,"Южный федеральный округ",46.35,1560,1001908
"Астраханская область",2007,8638.6,9361,"Южный федеральный округ",46.35,1560,1003598
"Астраханская область",2008,11066.9,9535.4,"Южный федеральный округ",46.35,1560,1007911
"Астраханская область",2009,13011.9,8965.2,"Южный федеральный округ",46.35,1560,1010523
"Астраханская область",2010,14697.2,9242.5,"Южный федеральный округ",46.35,1560,1010461
"Астраханская область",2011,16032,12292.8,"Южный федеральный округ",46.35,1560,1010646
"Астраханская область",2012,17773.4,11152.4,"Южный федеральный округ",46.35,1560,1009488
"Белгородская область",2000,1554.5,915.2,"Центральный федеральный округ",50.6,654,1504346
"Белгородская область",2001,2121.4,2098.8,"Центральный федеральный округ",50.6,654,1507554
"Белгородская область",2002,2762.3,1876,"Центральный федеральный округ",50.6,654,1510025
"Белгородская область",2003,3357.4,2092.4,"Центральный федеральный округ",50.6,654,1512879
"Белгородская область",2004,4070.2,2813.2,"Центральный федеральный округ",50.6,654,1512761
"Белгородская область",2005,5275.8,3305.4,"Центральный федеральный округ",50.6,654,1511688
"Белгородская область",2006,7082.8,5475.9,"Центральный федеральный округ",50.6,654,1512934
"Белгородская область",2007,9399.1,10788.3,"Центральный федеральный округ",50.6,654,1517127
"Белгородская область",2008,12748.9,14479.8,"Центральный федеральный округ",50.6,654,1523180
"Белгородская область",2009,14146.7,14214.1,"Центральный федеральный округ",50.6,654,1529019
"Белгородская область",2010,16992.8,23468.1,"Центральный федеральный округ",50.6,654,1532067
"Белгородская область",2011,18799.7,29073.3,"Центральный федеральный округ",50.6,654,1534478
"Белгородская область",2012,21562.9,30554.2,"Центральный федеральный округ",50.6,654,1539267
"Брянская область",2000,1312.1,404.7,"Центральный федеральный округ",53.25,379,1415576
"Брянская область",2001,1818.3,789.8,"Центральный федеральный округ",53.25,379,1399696
"Брянская область",2002,2452.4,753.5,"Центральный федеральный округ",53.25,379,1383212
"Брянская область",2003,3134.6,1069.9,"Центральный федеральный округ",53.25,379,1367626
"Брянская область",2004,3720.4,1306.9,"Центральный федеральный округ",53.25,379,1352190
"Брянская область",2005,4787.7,1574.2,"Центральный федеральный округ",53.25,379,1335892
"Брянская область",2006,6171.1,1880.8,"Центральный федеральный округ",53.25,379,1320199
"Брянская область",2007,7626.2,3324.5,"Центральный федеральный округ",53.25,379,1308046
"Брянская область",2008,10083.4,4336.7,"Центральный федеральный округ",53.25,379,1298797
"Брянская область",2009,11484.3,4465.8,"Центральный федеральный округ",53.25,379,1290395
"Брянская область",2010,13358.4,4690,"Центральный федеральный округ",53.25,379,1280947
"Брянская область",2011,15347.6,6879,"Центральный федеральный округ",53.25,379,1269511
"Брянская область",2012,17421.6,5438.2,"Центральный федеральный округ",53.25,379,1257967
"Владимирская область",2000,1279.6,413.9,"Центральный федеральный округ",56.13,190,1566780
"Владимирская область",2001,1665.9,959.1,"Центральный федеральный округ",56.13,190,1548625
"Владимирская область",2002,2158,1166,"Центральный федеральный округ",56.13,190,1529627
"Владимирская область",2003,2842,1377.3,"Центральный федеральный округ",56.13,190,1514814
"Владимирская область",2004,3381.6,1715.6,"Центральный федеральный округ",56.13,190,1503585
"Владимирская область",2005,4107.5,1730.9,"Центральный федеральный округ",56.13,190,1492025
"Владимирская область",2006,5626.9,2214.8,"Центральный федеральный округ",56.13,190,1481156
"Владимирская область",2007,7014.9,3353.7,"Центральный федеральный округ",56.13,190,1471302
"Владимирская область",2008,9479.9,4453.4,"Центральный федеральный округ",56.13,190,1462340
"Владимирская область",2009,10827.5,5196.8,"Центральный федеральный округ",56.13,190,1453855
"Владимирская область",2010,12956.2,7885.6,"Центральный федеральный округ",56.13,190,1445451
"Владимирская область",2011,14312.2,12027.9,"Центральный федеральный округ",56.13,190,1437326
"Владимирская область",2012,16136,8222.6,"Центральный федеральный округ",56.13,190,1429246
"Волгоградская обл...",2000,1577.6,469,"Южный федеральный округ",48.72,1070,2731968
"Волгоградская обл...",2001,2163,1212.6,"Южный федеральный округ",48.72,1070,2717513
"Волгоградская обл...",2002,2952.1,1705.7,"Южный федеральный округ",48.72,1070,2701912
"Волгоградская обл...",2003,3802.9,1974.4,"Южный федеральный округ",48.72,1070,2683312
"Волгоградская обл...",2004,4648.2,2526.2,"Южный федеральный округ",48.72,1070,2664301
"Волгоградская обл...",2005,5908.1,3420.8,"Южный федеральный округ",48.72,1070,2648302
"Волгоградская обл...",2006,7889.3,3704.2,"Южный федеральный округ",48.72,1070,2635176
"Волгоградская обл...",2007,9409.8,7202.9,"Южный федеральный округ",48.72,1070,2626544
"Волгоградская обл...",2008,10833.5,10839.8,"Южный федеральный округ",48.72,1070,2620594
"Волгоградская обл...",2009,12530.7,10137.2,"Южный федеральный округ",48.72,1070,2616114
"Волгоградская обл...",2010,13774.8,12334.3,"Южный федеральный округ",48.72,1070,2610835
"Волгоградская обл...",2011,14519.4,11085.9,"Южный федеральный округ",48.72,1070,2603056
"Волгоградская обл...",2012,16066.4,18624.3,"Южный федеральный округ",48.72,1070,2594646
"Вологодская область",2000,2022.8,423.5,"Северо-Западный федеральный округ",59.22,470,1294980
"Вологодская область",2001,2719,726.3,"Северо-Западный федеральный округ",59.22,470,1284455
"Вологодская область",2002,3481.3,789.4,"Северо-Западный федеральный округ",59.22,470,1272696
"Вологодская область",2003,4411.8,1126.8,"Северо-Западный федеральный округ",59.22,470,1261386
"Вологодская область",2004,5246.4,1709.1,"Северо-Западный федеральный округ",59.22,470,1250846
"Вологодская область",2005,6344.9,2052.3,"Северо-Западный федеральный округ",59.22,470,1240354
"Вологодская область",2006,8681.9,3714.8,"Северо-Западный федеральный округ",59.22,470,1230360
"Вологодская область",2007,10521,7471.3,"Северо-Западный федеральный округ",59.22,470,1222777
"Вологодская область",2008,12229.7,8689.8,"Северо-Западный федеральный округ",59.22,470,1216955
"Вологодская область",2009,12239.1,4264,"Северо-Западный федеральный округ",59.22,470,1211249
"Вологодская область",2010,14115.1,4203.8,"Северо-Западный федеральный округ",59.22,470,1204777
"Вологодская область",2011,15637.9,3531.8,"Северо-Западный федеральный округ",59.22,470,1199787
"Вологодская область",2012,18125.2,4707.3,"Северо-Западный федеральный округ",59.22,470,1197155
"Воронежская область",2000,1486.5,906.5,"Центральный федеральный округ",51.67,515,2431838
"Воронежская область",2001,2039.7,2044.2,"Центральный федеральный округ",51.67,515,2409742
"Воронежская область",2002,2597.4,3067.6,"Центральный федеральный округ",51.67,515,2385788
"Воронежская область",2003,3391.2,4128.8,"Центральный федеральный округ",51.67,515,2370959
"Воронежская область",2004,4143,4716.9,"Центральный федеральный округ",51.67,515,2366194
"Воронежская область",2005,5398,5923.2,"Центральный федеральный округ",51.67,515,2362922
"Воронежская область",2006,6861.6,7332.3,"Центральный федеральный округ",51.67,515,2357358
"Воронежская область",2007,8306.6,11813.5,"Центральный федеральный округ",51.67,515,2349109
"Воронежская область",2008,10586.8,19141.1,"Центральный федеральный округ",51.67,515,2341705
"Воронежская область",2009,11999.4,19909.9,"Центральный федеральный округ",51.67,515,2336946
"Воронежская область",2010,13883.3,22769.7,"Центральный федеральный округ",51.67,515,2334852
"Воронежская область",2011,15908.5,25248.3,"Центральный федеральный округ",51.67,515,2333752
"Воронежская область",2012,18885.1,27036,"Центральный федеральный округ",51.67,515,2332807
"г.Москва",2000,7998.3,31006.1,"Центральный федеральный округ",55.75,0,10023556
"г.Москва",2001,10282,28510.3,"Центральный федеральный округ",55.75,0,10192050
"г.Москва",2002,12460.8,44192.6,"Центральный федеральный округ",55.75,0,10328404
"г.Москва",2003,16826.6,54367.9,"Центральный федеральный округ",55.75,0,10461292
"г.Москва",2004,20899.1,69669.3,"Центральный федеральный округ",55.75,0,10631055
"г.Москва",2005,24013.9,77984.1,"Центральный федеральный округ",55.75,0,10825095
"г.Москва",2006,28249.4,86833.7,"Центральный федеральный округ",55.75,0,11007595
"г.Москва",2007,33314.8,104908,"Центральный федеральный округ",55.75,0,11139139
"г.Москва",2008,31940.1,129922.1,"Центральный федеральный округ",55.75,0,11234241
"г.Москва",2009,40071.6,96288.4,"Центральный федеральный округ",55.75,0,11331895
"г.Москва",2010,44051.5,58617.9,"Центральный федеральный округ",55.75,0,11461631
"г.Москва",2011,47318.9,56688.8,"Центральный федеральный округ",55.75,0,11604910
"г.Москва",2012,48621.6,78875.8,"Центральный федеральный округ",55.75,0,11759124
"г.Санкт-Петербург",2000,2555.6,2290.6,"Северо-Западный федеральный округ",59.93,710,4728385
"г.Санкт-Петербург",2001,3425.8,4289,"Северо-Западный федеральный округ",59.93,710,4701625
"г.Санкт-Петербург",2002,4514.4,6061.2,"Северо-Западный федеральный округ",59.93,710,4672445
"г.Санкт-Петербург",2003,6851.2,5843.3,"Северо-Западный федеральный округ",59.93,710,4659256
"г.Санкт-Петербург",2004,9175.7,10280.3,"Северо-Западный федеральный округ",59.93,710,4674264
"г.Санкт-Петербург",2005,12263.7,11335.8,"Северо-Западный федеральный округ",59.93,710,4699672
"г.Санкт-Петербург",2006,13686.7,13091.3,"Северо-Западный федеральный округ",59.93,710,4730202
"г.Санкт-Петербург",2007,16214.2,23793.1,"Северо-Западный федеральный округ",59.93,710,4756207
"г.Санкт-Петербург",2008,16946,42119.6,"Северо-Западный федеральный округ",59.93,710,4781789
"г.Санкт-Петербург",2009,21552.8,35891,"Северо-Западный федеральный округ",59.93,710,4815736
"г.Санкт-Петербург",2010,24824.3,31273.4,"Северо-Западный федеральный округ",59.93,710,4866052
"г.Санкт-Петербург",2011,26068.8,43425.3,"Северо-Западный федеральный округ",59.93,710,4937079
"г.Санкт-Петербург",2012,27794.6,45093.7,"Северо-Западный федеральный округ",59.93,710,5023175
"Еврейская автоном...",2000,1488.8,25.1,"Дальневосточный федеральный округ",48.79,8360,194170
"Еврейская автоном...",2001,2028.9,58.4,"Дальневосточный федеральный округ",48.79,8360,192545
"Еврейская автоном...",2002,3081,86.5,"Дальневосточный федеральный округ",48.79,8360,191248
"Еврейская автоном...",2003,4062.4,74.6,"Дальневосточный федеральный округ",48.79,8360,189499
"Еврейская автоном...",2004,4974.7,93.4,"Дальневосточный федеральный округ",48.79,8360,187087
"Еврейская автоном...",2005,6405.7,142.5,"Дальневосточный федеральный округ",48.79,8360,183708
"Еврейская автоном...",2006,7623.8,230.4,"Дальневосточный федеральный округ",48.79,8360,180529
"Еврейская автоном...",2007,8751.5,493.2,"Дальневосточный федеральный округ",48.79,8360,179057
"Еврейская автоном...",2008,11306.3,1422.6,"Дальневосточный федеральный округ",48.79,8360,178430
"Еврейская автоном...",2009,13646.2,627.5,"Дальневосточный федеральный округ",48.79,8360,177823
"Еврейская автоном...",2010,15347.8,460.3,"Дальневосточный федеральный округ",48.79,8360,176901
"Еврейская автоном...",2011,16525.3,461.3,"Дальневосточный федеральный округ",48.79,8360,175111
"Еврейская автоном...",2012,18151.4,1113.5,"Дальневосточный федеральный округ",48.79,8360,172814
"Забайкальский край",2000,1405.7,215.9,"Сибирский федеральный округ",52.03,6070,1185824
"Забайкальский край",2001,2011.5,563.6,"Сибирский федеральный округ",52.03,6070,1172130
"Забайкальский край",2002,2993.1,681.3,"Сибирский федеральный округ",52.03,6070,1159019
"Забайкальский край",2003,4015.7,1003.3,"Сибирский федеральный округ",52.03,6070,1147641
"Забайкальский край",2004,4799.7,1168.2,"Сибирский федеральный округ",52.03,6070,1137733
"Забайкальский край",2005,5907.6,1489,"Сибирский федеральный округ",52.03,6070,1128053
"Забайкальский край",2006,7119.2,2173.1,"Сибирский федеральный округ",52.03,6070,1119235
"Забайкальский край",2007,8265.4,3551.3,"Сибирский федеральный округ",52.03,6070,1113291
"Забайкальский край",2008,11047.2,4195.3,"Сибирский федеральный округ",52.03,6070,1110317
"Забайкальский край",2009,12704.8,3933.3,"Сибирский федеральный округ",52.03,6070,1109084
"Забайкальский край",2010,14204.5,4286.8,"Сибирский федеральный округ",52.03,6070,1107564
"Забайкальский край",2011,15968.8,5819.7,"Сибирский федеральный округ",52.03,6070,1100825
"Забайкальский край",2012,17335.6,6448.1,"Сибирский федеральный округ",52.03,6070,1091449
"Ивановская область",2000,1037.6,143.5,"Центральный федеральный округ",57,300,1186785
"Ивановская область",2001,1297.8,393.5,"Центральный федеральный округ",57,300,1170416
"Ивановская область",2002,1778.4,398.8,"Центральный федеральный округ",57,300,1153205
"Ивановская область",2003,2293.1,825.6,"Центральный федеральный округ",57,300,1137783
"Ивановская область",2004,2858.8,879.7,"Центральный федеральный округ",57,300,1123883
"Ивановская область",2005,3480.3,1282.7,"Центральный федеральный округ",57,300,1109301
"Ивановская область",2006,4456.9,2468,"Центральный федеральный округ",57,300,1095849
"Ивановская область",2007,5683.5,3434.6,"Центральный федеральный округ",57,300,1085475
"Ивановская область",2008,8343.1,5713.5,"Центральный федеральный округ",57,300,1077710
"Ивановская область",2009,9351.2,5760.8,"Центральный федеральный округ",57,300,1071048
"Ивановская область",2010,11123.5,5334.1,"Центральный федеральный округ",57,300,1063948
"Ивановская область",2011,13005.5,5314.6,"Центральный федеральный округ",57,300,1054601
"Ивановская область",2012,15930.1,5688.4,"Центральный федеральный округ",57,300,1044128
"Иркутская область",2000,2374.2,696,"Сибирский федеральный округ",52.29,5040,2633597
"Иркутская область",2001,2879.5,1846.7,"Сибирский федеральный округ",52.29,5040,2611436
"Иркутская область",2002,3609.9,1720.8,"Сибирский федеральный округ",52.29,5040,2588707
"Иркутская область",2003,4549.6,2212,"Сибирский федеральный округ",52.29,5040,2565000
"Иркутская область",2004,5418.6,2602.1,"Сибирский федеральный округ",52.29,5040,2538189
"Иркутская область",2005,7119.5,3324,"Сибирский федеральный округ",52.29,5040,2508111
"Иркутская область",2006,8826.3,3715.9,"Сибирский федеральный округ",52.29,5040,2479763
"Иркутская область",2007,10280,6454.2,"Сибирский федеральный округ",52.29,5040,2461396
"Иркутская область",2008,13169.4,8382.9,"Сибирский федеральный округ",52.29,5040,2451849
"Иркутская область",2009,13909.9,7865.3,"Сибирский федеральный округ",52.29,5040,2444339
"Иркутская область",2010,15109.7,10327.5,"Сибирский федеральный округ",52.29,5040,2434172
"Иркутская область",2011,16017.2,11524.1,"Сибирский федеральный округ",52.29,5040,2426464
"Иркутская область",2012,17720.3,13681.5,"Сибирский федеральный округ",52.29,5040,2424093
"Кабардино-Балкарс...",2000,1057.1,137.3,"Южный федеральный округ",43.5,1870,882852
"Кабардино-Балкарс...",2001,1465.7,1680.5,"Южный федеральный округ",43.5,1870,890523
"Кабардино-Балкарс...",2002,2095,1893.5,"Южный федеральный округ",43.5,1870,897712
"Кабардино-Балкарс...",2003,2571.4,1624.3,"Южный федеральный округ",43.5,1870,895344
"Кабардино-Балкарс...",2004,3159.9,1860.9,"Южный федеральный округ",43.5,1870,883473
"Кабардино-Балкарс...",2005,4190.1,2019.4,"Южный федеральный округ",43.5,1870,871732
"Кабардино-Балкарс...",2006,5258.5,2089.6,"Южный федеральный округ",43.5,1870,862308
"Кабардино-Балкарс...",2007,6902,2357.2,"Южный федеральный округ",43.5,1870,857870
"Кабардино-Балкарс...",2008,8931.4,3511.5,"Южный федеральный округ",43.5,1870,857704
"Кабардино-Балкарс...",2009,9985.6,4329.2,"Южный федеральный округ",43.5,1870,858851
"Кабардино-Балкарс...",2010,11290,6269.3,"Южный федеральный округ",43.5,1870,859684
"Кабардино-Балкарс...",2011,12636.2,9485.6,"Южный федеральный округ",43.5,1870,860743
"Кабардино-Балкарс...",2012,13681.1,8620.2,"Южный федеральный округ",43.5,1870,863328
"Калининградская о...",2000,1843.3,109.6,"Северо-Западный федеральный округ",54.71,1289,958144
"Калининградская о...",2001,2339.6,538.8,"Северо-Западный федеральный округ",54.71,1289,956484
"Калининградская о...",2002,2716.1,823,"Северо-Западный федеральный округ",54.71,1289,954767
"Калининградская о...",2003,3807.1,1128,"Северо-Западный федеральный округ",54.71,1289,950989
"Калининградская о...",2004,4692.5,1285.6,"Северо-Западный федеральный округ",54.71,1289,944992
"Калининградская о...",2005,6481.1,1964.4,"Северо-Западный федеральный округ",54.71,1289,939335
"Калининградская о...",2006,8917.5,2722.6,"Северо-Западный федеральный округ",54.71,1289,935451
"Калининградская о...",2007,11430.7,5889.7,"Северо-Западный федеральный округ",54.71,1289,934813
"Калининградская о...",2008,12919.9,11287.6,"Северо-Западный федеральный округ",54.71,1289,935954
"Калининградская о...",2009,14771.7,6974.1,"Северо-Западный федеральный округ",54.71,1289,937622
"Калининградская о...",2010,16040.1,8671.8,"Северо-Западный федеральный округ",54.71,1289,940227
"Калининградская о...",2011,16880.5,9800.3,"Северо-Западный федеральный округ",54.71,1289,944432
"Калининградская о...",2012,19371.3,9099.6,"Северо-Западный федеральный округ",54.71,1289,951167
"Калужская область",2000,1311.3,362.2,"Центральный федеральный округ",54.53,188,1065349
"Калужская область",2001,1782.1,896.4,"Центральный федеральный округ",54.53,188,1054948
"Калужская область",2002,2503.3,1008.3,"Центральный федеральный округ",54.53,188,1044109
"Калужская область",2003,3339.8,1486,"Центральный федеральный округ",54.53,188,1035135
"Калужская область",2004,4181.4,1679.3,"Центральный федеральный округ",54.53,188,1029618
"Калужская область",2005,5343.4,3531.7,"Центральный федеральный округ",54.53,188,1025461
"Калужская область",2006,6924.7,3877.5,"Центральный федеральный округ",54.53,188,1021741
"Калужская область",2007,9185.5,9641.5,"Центральный федеральный округ",54.53,188,1018934
"Калужская область",2008,11612.4,12485.8,"Центральный федеральный округ",54.53,188,1016662
"Калужская область",2009,13379.8,10355.3,"Центральный федеральный округ",54.53,188,1015297
"Калужская область",2010,15477.4,12200.5,"Центральный федеральный округ",54.53,188,1012093
"Калужская область",2011,17556.9,17895.2,"Центральный федеральный округ",54.53,188,1011477
"Калужская область",2012,20621.2,14549.5,"Центральный федеральный округ",54.53,188,1015211
"Камчатский край",2000,3452.4,96.7,"Дальневосточный федеральный округ",53.01,11870,369371
"Камчатский край",2001,4559.1,359.4,"Дальневосточный федеральный округ",53.01,11870,364034
"Камчатский край",2002,5915.6,286.1,"Дальневосточный федеральный округ",53.01,11870,359780
"Камчатский край",2003,7100.8,217.3,"Дальневосточный федеральный округ",53.01,11870,354213
"Камчатский край",2004,8343,316.7,"Дальневосточный федеральный округ",53.01,11870,347208
"Камчатский край",2005,11167.2,225.6,"Дальневосточный федеральный округ",53.01,11870,340250
"Камчатский край",2006,13811.9,275.1,"Дальневосточный федеральный округ",53.01,11870,333702
"Камчатский край",2007,16787.1,1237.6,"Дальневосточный федеральный округ",53.01,11870,329378
"Камчатский край",2008,20116.1,401.9,"Дальневосточный федеральный округ",53.01,11870,326564
"Камчатский край",2009,24051.1,1807.3,"Дальневосточный федеральный округ",53.01,11870,324171
"Камчатский край",2010,27010.3,2135.9,"Дальневосточный федеральный округ",53.01,11870,322412
"Камчатский край",2011,28964.9,3216.9,"Дальневосточный федеральный округ",53.01,11870,319957
"Камчатский край",2012,31481.6,3457.7,"Дальневосточный федеральный округ",53.01,11870,317513
"Карачаево-Черкесс...",2000,1039.5,14.7,"Южный федеральный округ",44.22,1930,440296
"Карачаево-Черкесс...",2001,1341.7,281,"Южный федеральный округ",44.22,1930,440215
"Карачаево-Черкесс...",2002,1999.4,243.2,"Южный федеральный округ",44.22,1930,439325
"Карачаево-Черкесс...",2003,2619.2,464,"Южный федеральный округ",44.22,1930,441596
"Карачаево-Черкесс...",2004,3343.7,350.4,"Южный федеральный округ",44.22,1930,447280
"Карачаево-Черкесс...",2005,4083.8,867.4,"Южный федеральный округ",44.22,1930,452354
"Карачаево-Черкесс...",2006,5196.3,1298.7,"Южный федеральный округ",44.22,1930,458068
"Карачаево-Черкесс...",2007,6402,1636.3,"Южный федеральный округ",44.22,1930,464007
"Карачаево-Черкесс...",2008,7918.1,2386.6,"Южный федеральный округ",44.22,1930,468215
"Карачаево-Черкесс...",2009,9200.6,2090.4,"Южный федеральный округ",44.22,1930,471927
"Карачаево-Черкесс...",2010,10878,2077.9,"Южный федеральный округ",44.22,1930,475597
"Карачаево-Черкесс...",2011,11741.6,2015.2,"Южный федеральный округ",44.22,1930,476097
"Карачаево-Черкесс...",2012,13353.9,2207.7,"Южный федеральный округ",44.22,1930,473569
"Кемеровская область",2000,2275.5,785.3,"Сибирский федеральный округ",55.35,3600,2952850
"Кемеровская область",2001,3086.5,1776.7,"Сибирский федеральный округ",55.35,3600,2930034
"Кемеровская область",2002,3993.6,1969.5,"Сибирский федеральный округ",55.35,3600,2905605
"Кемеровская область",2003,4906.6,2459.1,"Сибирский федеральный округ",55.35,3600,2877776
"Кемеровская область",2004,6161.6,3905.1,"Сибирский федеральный округ",55.35,3600,2847534
"Кемеровская область",2005,7888.6,6622.8,"Сибирский федеральный округ",55.35,3600,2819452
"Кемеровская область",2006,9565.8,9278.9,"Сибирский федеральный округ",55.35,3600,2795970
"Кемеровская область",2007,11876,16543.5,"Сибирский федеральный округ",55.35,3600,2783115
"Кемеровская область",2008,14670.1,21812.2,"Сибирский федеральный округ",55.35,3600,2778294
"Кемеровская область",2009,13736.1,20700.1,"Сибирский федеральный округ",55.35,3600,2774661
"Кемеровская область",2010,15341.2,19381.6,"Сибирский федеральный округ",55.35,3600,2767109
"Кемеровская область",2011,16666,22916.9,"Сибирский федеральный округ",55.35,3600,2755459
"Кемеровская область",2012,18385.5,28807,"Сибирский федеральный округ",55.35,3600,2744931
"Кировская область",2000,1359.3,385.9,"Приволжский федеральный округ",58.6,950,1545187
"Кировская область",2001,1830.6,773.7,"Приволжский федеральный округ",58.6,950,1527573
"Кировская область",2002,2517.4,711.3,"Приволжский федеральный округ",58.6,950,1508672
"Кировская область",2003,3093.6,874,"Приволжский федеральный округ",58.6,950,1485729
"Кировская область",2004,3757.9,1208.8,"Приволжский федеральный округ",58.6,950,1458918
"Кировская область",2005,4644.3,1865.2,"Приволжский федеральный округ",58.6,950,1432001
"Кировская область",2006,5885.6,2082.7,"Приволжский федеральный округ",58.6,950,1407331
"Кировская область",2007,7407.4,4112.3,"Приволжский федеральный округ",58.6,950,1387700
"Кировская область",2008,10370.4,5736.6,"Приволжский федеральный округ",58.6,950,1372193
"Кировская область",2009,11245.4,6061.4,"Приволжский федеральный округ",58.6,950,1358848
"Кировская область",2010,13330.9,7045.9,"Приволжский федеральный округ",58.6,950,1345725
"Кировская область",2011,14675,7995,"Приволжский федеральный округ",58.6,950,1329235
"Кировская область",2012,16529.9,9684.2,"Приволжский федеральный округ",58.6,950,1311107
"Коми-Пермяцкий ав...",2000,871,6.1,"Приволжский федеральный округ",59.01,1410,138269
"Коми-Пермяцкий ав...",2001,1156.7,24.4,"Приволжский федеральный округ",59.01,1410,137139
"Коми-Пермяцкий ав...",2002,1591.2,37.2,"Приволжский федеральный округ",59.01,1410,136113
"Корякский авт.округ",2000,4508,2.8,"Дальневосточный федеральный округ",59.1,9000,26237
"Корякский авт.округ",2001,5427.9,0.4,"Дальневосточный федеральный округ",59.1,9000,25773
"Корякский авт.округ",2002,6921.2,0.3,"Дальневосточный федеральный округ",59.1,9000,25345
"Костромская область",2000,1438.9,442.1,"Центральный федеральный округ",57.77,620,757942
"Костромская область",2001,1904.5,922.1,"Центральный федеральный округ",57.77,620,748972
"Костромская область",2002,2515.7,540,"Центральный федеральный округ",57.77,620,739208
"Костромская область",2003,3089.2,509.4,"Центральный федеральный округ",57.77,620,728798
"Костромская область",2004,3815.5,549.6,"Центральный федеральный округ",57.77,620,717559
"Костромская область",2005,4985.4,922,"Центральный федеральный округ",57.77,620,705870
"Костромская область",2006,6397.5,810.5,"Центральный федеральный округ",57.77,620,694787
"Костромская область",2007,7857.3,1870,"Центральный федеральный округ",57.77,620,686615
"Костромская область",2008,9607.9,2022.9,"Центральный федеральный округ",57.77,620,680604
"Костромская область",2009,10695.6,1575.1,"Центральный федеральный округ",57.77,620,675365
"Костромская область",2010,13314.8,1921.3,"Центральный федеральный округ",57.77,620,669665
"Костромская область",2011,14574.3,2241.4,"Центральный федеральный округ",57.77,620,662068
"Костромская область",2012,15808.2,2510.3,"Центральный федеральный округ",57.77,620,654405
"Краснодарский край",2000,1563.4,771.4,"Южный федеральный округ",45.04,1540,5133111
"Краснодарский край",2001,2124.6,6440,"Южный федеральный округ",45.04,1540,5132207
"Краснодарский край",2002,2856.8,7696.7,"Южный федеральный округ",45.04,1540,5125744
"Краснодарский край",2003,3662.2,11445.8,"Южный федеральный округ",45.04,1540,5117381
"Краснодарский край",2004,4378.9,13256.9,"Южный федеральный округ",45.04,1540,5116904
"Краснодарский край",2005,5545.2,23269.2,"Южный федеральный округ",45.04,1540,5123077
"Краснодарский край",2006,7193.1,33546.3,"Южный федеральный округ",45.04,1540,5135081
"Краснодарский край",2007,9692.3,43626,"Южный федеральный округ",45.04,1540,5156798
"Краснодарский край",2008,11906.2,69997.1,"Южный федеральный округ",45.04,1540,5182562
"Краснодарский край",2009,13752.1,64290,"Южный федеральный округ",45.04,1540,5204330
"Краснодарский край",2010,16892.1,74286.6,"Южный федеральный округ",45.04,1540,5222110
"Краснодарский край",2011,18796,125078.1,"Южный федеральный округ",45.04,1540,5263586
"Краснодарский край",2012,21077.2,134943.6,"Южный федеральный округ",45.04,1540,5326627
"Красноярский край",2000,2773.3,1513.2,"Сибирский федеральный округ",56.01,4140,3011490
"Красноярский край",2001,3571.8,2844,"Сибирский федеральный округ",56.01,4140,2991315
"Красноярский край",2002,4346.1,3522.1,"Сибирский федеральный округ",56.01,4140,2971817
"Красноярский край",2003,5508.8,3542.4,"Сибирский федеральный округ",56.01,4140,2946887
"Красноярский край",2004,6407.7,3802.8,"Сибирский федеральный округ",56.01,4140,2916918
"Красноярский край",2005,7790.2,6505,"Сибирский федеральный округ",56.01,4140,2885622
"Красноярский край",2006,9784,11328.9,"Сибирский федеральный округ",56.01,4140,2857370
"Красноярский край",2007,12880.3,18265.3,"Сибирский федеральный округ",56.01,4140,2841219
"Красноярский край",2008,15908.7,17342.9,"Сибирский федеральный округ",56.01,4140,2834802
"Красноярский край",2009,17008.8,17246.6,"Сибирский федеральный округ",56.01,4140,2832722
"Красноярский край",2010,18261.6,19058.4,"Сибирский федеральный округ",56.01,4140,2830979
"Красноярский край",2011,20145.5,19672.6,"Сибирский федеральный округ",56.01,4140,2834045
"Красноярский край",2012,22137.6,29230.1,"Сибирский федеральный округ",56.01,4140,2843351
"Курганская область",2000,1341.6,108.8,"Уральский федеральный округ",55.45,2010,1053311
"Курганская область",2001,1784.8,336,"Уральский федеральный округ",55.45,2010,1038921
"Курганская область",2002,2419.3,342.9,"Уральский федеральный округ",55.45,2010,1023473
"Курганская область",2003,2867.2,556.5,"Уральский федеральный округ",55.45,2010,1007815
"Курганская область",2004,3853.9,541.5,"Уральский федеральный округ",55.45,2010,990237
"Курганская область",2005,4799.9,878,"Уральский федеральный округ",55.45,2010,971421
"Курганская область",2006,6676.8,1103.4,"Уральский федеральный округ",55.45,2010,953942
"Курганская область",2007,8700.9,2329.3,"Уральский федеральный округ",55.45,2010,940289
"Курганская область",2008,11445.4,6751.6,"Уральский федеральный округ",55.45,2010,929846
"Курганская область",2009,12153.2,5162,"Уральский федеральный округ",55.45,2010,921883
"Курганская область",2010,13498.9,3052.6,"Уральский федеральный округ",55.45,2010,913698
"Курганская область",2011,14353,3266.8,"Уральский федеральный округ",55.45,2010,900987
"Курганская область",2012,16019.5,4821.2,"Уральский федеральный округ",55.45,2010,886406
"Курская область",2000,1464.9,335.9,"Центральный федеральный округ",51.73,536,1274107
"Курская область",2001,1979.9,725.8,"Центральный федеральный округ",51.73,536,1257518
"Курская область",2002,2698.5,1048.8,"Центральный федеральный округ",51.73,536,1239844
"Курская область",2003,3371.4,1068.7,"Центральный федеральный округ",51.73,536,1222235
"Курская область",2004,4233,1449.2,"Центральный федеральный округ",51.73,536,1204592
"Курская область",2005,5217.8,2647.9,"Центральный федеральный округ",51.73,536,1186719
"Курская область",2006,6751,3046.1,"Центральный федеральный округ",51.73,536,1169605
"Курская область",2007,8686.6,7706.1,"Центральный федеральный округ",51.73,536,1156720
"Курская область",2008,11523.9,9678.4,"Центральный федеральный округ",51.73,536,1147593
"Курская область",2009,12801.5,4952.7,"Центральный федеральный округ",51.73,536,1139159
"Курская область",2010,14685.1,9395.3,"Центральный федеральный округ",51.73,536,1130319
"Курская область",2011,16386.9,8051,"Центральный федеральный округ",51.73,536,1123331
"Курская область",2012,18807.8,9161.1,"Центральный федеральный округ",51.73,536,1119597
"Ленинградская обл...",2000,1354.9,330.6,"Северо-Западный федеральный округ",59.93,710,1683540
"Ленинградская обл...",2001,1868.7,3948.7,"Северо-Западный федеральный округ",59.93,710,1676526
"Ленинградская обл...",2002,2417.5,4219,"Северо-Западный федеральный округ",59.93,710,1669928
"Ленинградская обл...",2003,3052.3,4984.6,"Северо-Западный федеральный округ",59.93,710,1670218
"Ленинградская обл...",2004,4455.1,5876.2,"Северо-Западный федеральный округ",59.93,710,1677366
"Ленинградская обл...",2005,5686.5,7412.1,"Северо-Западный федеральный округ",59.93,710,1683411
"Ленинградская обл...",2006,8055.4,17239.7,"Северо-Западный федеральный округ",59.93,710,1688244
"Ленинградская обл...",2007,10201.2,10909.5,"Северо-Западный федеральный округ",59.93,710,1691844
"Ленинградская обл...",2008,11567.3,13877.8,"Северо-Западный федеральный округ",59.93,710,1695738
"Ленинградская обл...",2009,12537.7,18576,"Северо-Западный федеральный округ",59.93,710,1701902
"Ленинградская обл...",2010,14798.5,16473.8,"Северо-Западный федеральный округ",59.93,710,1711743
"Ленинградская обл...",2011,15931.8,29164.6,"Северо-Западный федеральный округ",59.93,710,1730578
"Ленинградская обл...",2012,17925,42069.1,"Северо-Западный федеральный округ",59.93,710,1755561
"Липецкая область",2000,1772,539.1,"Центральный федеральный округ",52.6,429,1230888
"Липецкая область",2001,2261.2,1333.2,"Центральный федеральный округ",52.6,429,1224292
"Липецкая область",2002,2776.2,1622,"Центральный федеральный округ",52.6,429,1215746
"Липецкая область",2003,3563.2,3060.1,"Центральный федеральный округ",52.6,429,1208140
"Липецкая область",2004,4430.5,3321.6,"Центральный федеральный округ",52.6,429,1201926
"Липецкая область",2005,5591.2,4732.5,"Центральный федеральный округ",52.6,429,1196235
"Липецкая область",2006,7610.7,5890.7,"Центральный федеральный округ",52.6,429,1192149
"Липецкая область",2007,9471.9,12509,"Центральный федеральный округ",52.6,429,1188557
"Липецкая область",2008,12085.1,12217.2,"Центральный федеральный округ",52.6,429,1184344
"Липецкая область",2009,14487.2,12970.8,"Центральный федеральный округ",52.6,429,1179516
"Липецкая область",2010,15935.8,19888.6,"Центральный федеральный округ",52.6,429,1174539
"Липецкая область",2011,16811.3,27105.4,"Центральный федеральный округ",52.6,429,1170042
"Липецкая область",2012,19777.4,24406.5,"Центральный федеральный округ",52.6,429,1167263
"Магаданская область",2000,3724.5,16.4,"Дальневосточный федеральный округ",59.57,10100,197964
"Магаданская область",2001,5069.3,53.4,"Дальневосточный федеральный округ",59.57,10100,190597
"Магаданская область",2002,6748.5,34.3,"Дальневосточный федеральный округ",59.57,10100,184525
"Магаданская область",2003,8184.6,60.4,"Дальневосточный федеральный округ",59.57,10100,179950
"Магаданская область",2004,9485.9,35.5,"Дальневосточный федеральный округ",59.57,10100,176002
"Магаданская область",2005,11166.7,181.3,"Дальневосточный федеральный округ",59.57,10100,172166
"Магаданская область",2006,13858.3,237.2,"Дальневосточный федеральный округ",59.57,10100,168650
"Магаданская область",2007,16634.1,290.7,"Дальневосточный федеральный округ",59.57,10100,165445
"Магаданская область",2008,19937.2,353.8,"Дальневосточный федеральный округ",59.57,10100,162464
"Магаданская область",2009,24753.9,436.1,"Дальневосточный федеральный округ",59.57,10100,159970
"Магаданская область",2010,27800.7,463,"Дальневосточный федеральный округ",59.57,10100,157767
"Магаданская область",2011,30452.1,747.4,"Дальневосточный федеральный округ",59.57,10100,155424
"Магаданская область",2012,36575.6,876.3,"Дальневосточный федеральный округ",59.57,10100,153172
"Московская область",2000,1823.9,3536.9,"Центральный федеральный округ",55.75,30,6620819
"Московская область",2001,2626.4,11961,"Центральный федеральный округ",55.75,30,6611296
"Московская область",2002,3546,21389.3,"Центральный федеральный округ",55.75,30,6613019
"Московская область",2003,4425,27542.7,"Центральный федеральный округ",55.75,30,6644102
"Московская область",2004,5821.1,38652.9,"Центральный федеральный округ",55.75,30,6704033
"Московская область",2005,7444.8,40503,"Центральный федеральный округ",55.75,30,6760297
"Московская область",2006,10515,47857.7,"Центральный федеральный округ",55.75,30,6815337
"Московская область",2007,14034.1,65757.2,"Центральный федеральный округ",55.75,30,6871095
"Московская область",2008,19046.8,99672.6,"Центральный федеральный округ",55.75,30,6926692
"Московская область",2009,20064.1,74593.8,"Центральный федеральный округ",55.75,30,6991111
"Московская область",2010,22641,86345.1,"Центральный федеральный округ",55.75,30,7065211
"Московская область",2011,25604.5,106523,"Центральный федеральный округ",55.75,30,7174980
"Московская область",2012,29699.1,121950.6,"Центральный федеральный округ",55.75,30,7314618
"Мурманская область",2000,3550.1,56.5,"Северо-Западный федеральный округ",68.97,1890,931966
"Мурманская область",2001,4620.2,37.5,"Северо-Западный федеральный округ",68.97,1890,914312
"Мурманская область",2002,5892.5,52.9,"Северо-Западный федеральный округ",68.97,1890,897785
"Мурманская область",2003,7134.7,39.6,"Северо-Западный федеральный округ",68.97,1890,881476
"Мурманская область",2004,8366.5,61.7,"Северо-Западный федеральный округ",68.97,1890,865042
"Мурманская область",2005,10624.1,242.7,"Северо-Западный федеральный округ",68.97,1890,848184
"Мурманская область",2006,13020.1,211,"Северо-Западный федеральный округ",68.97,1890,831702
"Мурманская область",2007,15859.1,268,"Северо-Западный федеральный округ",68.97,1890,819558
"Мурманская область",2008,19615.2,777.1,"Северо-Западный федеральный округ",68.97,1890,810346
"Мурманская область",2009,22333.1,568.4,"Северо-Западный федеральный округ",68.97,1890,802658
"Мурманская область",2010,24046.5,860.7,"Северо-Западный федеральный округ",68.97,1890,796921
"Мурманская область",2011,25303.5,382.4,"Северо-Западный федеральный округ",68.97,1890,788155
"Мурманская область",2012,28604.2,1031.1,"Северо-Западный федеральный округ",68.97,1890,775704
"Ненецкий авт.округ",2000,3426.3,30.4,"Северо-Западный федеральный округ",67.64,1900,41062
"Ненецкий авт.округ",2001,5887.6,33.8,"Северо-Западный федеральный округ",67.64,1900,40929
"Ненецкий авт.округ",2002,8621.1,179.3,"Северо-Западный федеральный округ",67.64,1900,41307
"Ненецкий авт.округ",2003,14197.2,218.2,"Северо-Западный федеральный округ",67.64,1900,41789
"Ненецкий авт.округ",2004,20122.2,603.7,"Северо-Западный федеральный округ",67.64,1900,41894
"Ненецкий авт.округ",2005,21501.8,824.5,"Северо-Западный федеральный округ",67.64,1900,41910
"Ненецкий авт.округ",2006,27276.5,1212,"Северо-Западный федеральный округ",67.64,1900,41884
"Ненецкий авт.округ",2007,38038.8,1645.2,"Северо-Западный федеральный округ",67.64,1900,41877
"Ненецкий авт.округ",2008,48930.2,1068.1,"Северо-Западный федеральный округ",67.64,1900,41879
"Ненецкий авт.округ",2009,49090.8,1510,"Северо-Западный федеральный округ",67.64,1900,41986
"Ненецкий авт.округ",2010,52270.1,1394,"Северо-Западный федеральный округ",67.64,1900,42110
"Ненецкий авт.округ",2011,54632.3,839.7,"Северо-Западный федеральный округ",67.64,1900,42131
"Ненецкий авт.округ",2012,61936.9,940.8,"Северо-Западный федеральный округ",67.64,1900,42207
"Нижегородская обл...",2000,1717.9,1204.7,"Приволжский федеральный округ",56.33,440,3611354
"Нижегородская обл...",2001,2406.6,2591.5,"Приволжский федеральный округ",56.33,440,3574584
"Нижегородская обл...",2002,3214.6,3543.9,"Приволжский федеральный округ",56.33,440,3535199
"Нижегородская обл...",2003,4000.1,4629.6,"Приволжский федеральный округ",56.33,440,3498376
"Нижегородская обл...",2004,4793.7,6045,"Приволжский федеральный округ",56.33,440,3464488
"Нижегородская обл...",2005,6056.9,8294.5,"Приволжский федеральный округ",56.33,440,3431111
"Нижегородская обл...",2006,8049,15110.3,"Приволжский федеральный округ",56.33,440,3399341
"Нижегородская обл...",2007,10171.9,20513.9,"Приволжский федеральный округ",56.33,440,3373588
"Нижегородская обл...",2008,13078.2,38766.2,"Приволжский федеральный округ",56.33,440,3353268
"Нижегородская обл...",2009,14490.7,42579.8,"Приволжский федеральный округ",56.33,440,3335266
"Нижегородская обл...",2010,16477.3,39496.6,"Приволжский федеральный округ",56.33,440,3317230
"Нижегородская обл...",2011,18336.7,54013.7,"Приволжский федеральный округ",56.33,440,3300620
"Нижегородская обл...",2012,21517.6,48073.5,"Приволжский федеральный округ",56.33,440,3288397
"Новгородская область",2000,1807.5,147.3,"Северо-Западный федеральный округ",58.52,540,714405
"Новгородская область",2001,2407.7,568,"Северо-Западный федеральный округ",58.52,540,705563
"Новгородская область",2002,3008.5,591.7,"Северо-Западный федеральный округ",58.52,540,696495
"Новгородская область",2003,3715.4,860.3,"Северо-Западный федеральный округ",58.52,540,687551
"Новгородская область",2004,4363.3,1064.7,"Северо-Западный федеральный округ",58.52,540,678742
"Новгородская область",2005,5475.6,1848.7,"Северо-Западный федеральный округ",58.52,540,670068
"Новгородская область",2006,7205.9,2481,"Северо-Западный федеральный округ",58.52,540,661600
"Новгородская область",2007,8614.1,4899.5,"Северо-Западный федеральный округ",58.52,540,654891
"Новгородская область",2008,11653.3,6842.5,"Северо-Западный федеральный округ",58.52,540,648784
"Новгородская область",2009,13388.8,4846,"Северо-Западный федеральный округ",58.52,540,642532
"Новгородская область",2010,15598.9,4888.3,"Северо-Западный федеральный округ",58.52,540,636247
"Новгородская область",2011,16980.9,5882.7,"Северо-Западный федеральный округ",58.52,540,631019
"Новгородская область",2012,19649.2,7206.9,"Северо-Западный федеральный округ",58.52,540,627075
"Новосибирская обл...",2000,1608.3,842.4,"Сибирский федеральный округ",55.03,3350,2720321
"Новосибирская обл...",2001,2140.3,1811.5,"Сибирский федеральный округ",55.03,3350,2709080
"Новосибирская обл...",2002,2933,2067.1,"Сибирский федеральный округ",55.03,3350,2695725
"Новосибирская обл...",2003,3892.9,2553.5,"Сибирский федеральный округ",55.03,3350,2681289
"Новосибирская обл...",2004,4968.7,2884.6,"Сибирский федеральный округ",55.03,3350,2670069
"Новосибирская обл...",2005,6638.8,3395.9,"Сибирский федеральный округ",55.03,3350,2660418
"Новосибирская обл...",2006,8381.3,7617.6,"Сибирский федеральный округ",55.03,3350,2651024
"Новосибирская обл...",2007,10290.2,10206.8,"Сибирский федеральный округ",55.03,3350,2644961
"Новосибирская обл...",2008,13040.3,16866.4,"Сибирский федеральный округ",55.03,3350,2645824
"Новосибирская обл...",2009,15117.7,13259.4,"Сибирский федеральный округ",55.03,3350,2655259
"Новосибирская обл...",2010,16276,17184.4,"Сибирский федеральный округ",55.03,3350,2664029
"Новосибирская обл...",2011,18244.1,23437.2,"Сибирский федеральный округ",55.03,3350,2677403
"Новосибирская обл...",2012,20637.1,22964.3,"Сибирский федеральный округ",55.03,3350,2700431
"Омская область",2000,1582.1,259.6,"Сибирский федеральный округ",54.99,2690,2126672
"Омская область",2001,2341.4,712.4,"Сибирский федеральный округ",54.99,2690,2106020
"Омская область",2002,3221.8,1107.2,"Сибирский федеральный округ",54.99,2690,2085076
"Омская область",2003,4512.5,2862.6,"Сибирский федеральный округ",54.99,2690,2064081
"Омская область",2004,5427.1,3642.2,"Сибирский федеральный округ",54.99,2690,2043416
"Омская область",2005,6969.1,8563.5,"Сибирский федеральный округ",54.99,2690,2025189
"Омская область",2006,9084.3,9978.2,"Сибирский федеральный округ",54.99,2690,2009785
"Омская область",2007,11450.7,21849.8,"Сибирский федеральный округ",54.99,2690,1998286
"Омская область",2008,13801.5,27832.9,"Сибирский федеральный округ",54.99,2690,1990503
"Омская область",2009,14061.1,11511.1,"Сибирский федеральный округ",54.99,2690,1985849
"Омская область",2010,15199,13569.1,"Сибирский федеральный округ",54.99,2690,1980272
"Омская область",2011,17247.9,13242.1,"Сибирский федеральный округ",54.99,2690,1974409
"Омская область",2012,19468.8,13195.8,"Сибирский федеральный округ",54.99,2690,1970535
"Оренбургская область",2000,1451.4,887.1,"Приволжский федеральный округ",51.77,1480,2207413
"Оренбургская область",2001,1927.4,2051.9,"Приволжский федеральный округ",51.77,1480,2196753
"Оренбургская область",2002,2481.8,2305.8,"Приволжский федеральный округ",51.77,1480,2182924
"Оренбургская область",2003,3135.1,2901.7,"Приволжский федеральный округ",51.77,1480,2162971
"Оренбургская область",2004,3872.9,3318.5,"Приволжский федеральный округ",51.77,1480,2136201
"Оренбургская область",2005,5122.3,4571.5,"Приволжский федеральный округ",51.77,1480,2107977
"Оренбургская область",2006,6326.3,6085.9,"Приволжский федеральный округ",51.77,1480,2080693
"Оренбургская область",2007,7914.3,9559,"Приволжский федеральный округ",51.77,1480,2061796
"Оренбургская область",2008,10508.3,11807.4,"Приволжский федеральный округ",51.77,1480,2049978
"Оренбургская область",2009,12008.1,10346.2,"Приволжский федеральный округ",51.77,1480,2043150
"Оренбургская область",2010,13557.1,10543.1,"Приволжский федеральный округ",51.77,1480,2036770
"Оренбургская область",2011,14892,11074.1,"Приволжский федеральный округ",51.77,1480,2024254
"Оренбургская область",2012,16539.1,13944.7,"Приволжский федеральный округ",51.77,1480,2009848
"Орловская область",2000,1414.5,214.4,"Центральный федеральный округ",52.97,368,880459
"Орловская область",2001,1963.2,1178.5,"Центральный федеральный округ",52.97,368,872116
"Орловская область",2002,2614.4,1085.3,"Центральный федеральный округ",52.97,368,862919
"Орловская область",2003,3225.3,2008.7,"Центральный федеральный округ",52.97,368,852682
"Орловская область",2004,3879,2687.5,"Центральный федеральный округ",52.97,368,841107
"Орловская область",2005,4856.5,3793.7,"Центральный федеральный округ",52.97,368,828630
"Орловская область",2006,5972.3,3861.9,"Центральный федеральный округ",52.97,368,816742
"Орловская область",2007,7324.9,5760.7,"Центральный федеральный округ",52.97,368,808298
"Орловская область",2008,10027.3,8842.4,"Центральный федеральный округ",52.97,368,802031
"Орловская область",2009,10926.5,6242.2,"Центральный федеральный округ",52.97,368,796000
"Орловская область",2010,13114.6,6284.4,"Центральный федеральный округ",52.97,368,789368
"Орловская область",2011,14824.3,9884.3,"Центральный федеральный округ",52.97,368,783264
"Орловская область",2012,16762.2,12640.3,"Центральный федеральный округ",52.97,368,778023
"Пензенская область",2000,1259.9,340.1,"Приволжский федеральный округ",53.2,640,1492171
"Пензенская область",2001,1708.3,870.3,"Приволжский федеральный округ",53.2,640,1475176
"Пензенская область",2002,2221.4,1170.6,"Приволжский федеральный округ",53.2,640,1457717
"Пензенская область",2003,2764.9,1536.8,"Приволжский федеральный округ",53.2,640,1444610
"Пензенская область",2004,3421,1916.8,"Приволжский федеральный округ",53.2,640,1435523
"Пензенская область",2005,4354.7,3399.9,"Приволжский федеральный округ",53.2,640,1425562
"Пензенская область",2006,5603.4,4735,"Приволжский федеральный округ",53.2,640,1415899
"Пензенская область",2007,7908.4,9727.8,"Приволжский федеральный округ",53.2,640,1408542
"Пензенская область",2008,10043.5,11694.5,"Приволжский федеральный округ",53.2,640,1401755
"Пензенская область",2009,11415.5,9367.6,"Приволжский федеральный округ",53.2,640,1395287
"Пензенская область",2010,12920.4,7642.6,"Приволжский федеральный округ",53.2,640,1388210
"Пензенская область",2011,14171.5,17759.6,"Приволжский федеральный округ",53.2,640,1379615
"Пензенская область",2012,15765.3,15026,"Приволжский федеральный округ",53.2,640,1370536
"Пермский край",2000,2401,742.4,"Приволжский федеральный округ",58.01,1410,2868750
"Пермский край",2001,3253.9,2177.7,"Приволжский федеральный округ",58.01,1410,2847873
"Пермский край",2002,4129.5,2716.8,"Приволжский федеральный округ",58.01,1410,2825448
"Пермский край",2003,5257.3,2792.7,"Приволжский федеральный округ",58.01,1410,2798409
"Пермский край",2004,6371.5,3066.2,"Приволжский федеральный округ",58.01,1410,2767305
"Пермский край",2005,8273.2,4218.7,"Приволжский федеральный округ",58.01,1410,2735163
"Пермский край",2006,11122,6646.9,"Приволжский федеральный округ",58.01,1410,2705183
"Пермский край",2007,13691.1,23772.6,"Приволжский федеральный округ",58.01,1410,2682777
"Пермский край",2008,16398,29534.4,"Приволжский федеральный округ",58.01,1410,2667158
"Пермский край",2009,17975,15144.3,"Приволжский федеральный округ",58.01,1410,2654506
"Пермский край",2010,19834.3,16461.8,"Приволжский федеральный округ",58.01,1410,2641102
"Пермский край",2011,21307.3,16710.8,"Приволжский федеральный округ",58.01,1410,2631095
"Пермский край",2012,23269.6,16654.8,"Приволжский федеральный округ",58.01,1410,2629087
"Приморский край",2000,1799.8,713.5,"Дальневосточный федеральный округ",43.12,9300,2130748
"Приморский край",2001,2367.2,1300,"Дальневосточный федеральный округ",43.12,9300,2103091
"Приморский край",2002,3122.4,1440.8,"Дальневосточный федеральный округ",43.12,9300,2076537
"Приморский край",2003,4246.2,1993.4,"Дальневосточный федеральный округ",43.12,9300,2057962
"Приморский край",2004,5405,2470.3,"Дальневосточный федеральный округ",43.12,9300,2038479
"Приморский край",2005,7162.9,4721.5,"Дальневосточный федеральный округ",43.12,9300,2017456
"Приморский край",2006,9109.5,4627.3,"Дальневосточный федеральный округ",43.12,9300,1997558
"Приморский край",2007,10894.4,7480.5,"Дальневосточный федеральный округ",43.12,9300,1982985
"Приморский край",2008,12927.3,7524.5,"Дальневосточный федеральный округ",43.12,9300,1973497
"Приморский край",2009,15485.6,8235.3,"Дальневосточный федеральный округ",43.12,9300,1967389
"Приморский край",2010,17297.9,14133,"Дальневосточный федеральный округ",43.12,9300,1959361
"Приморский край",2011,19159.7,12253.1,"Дальневосточный федеральный округ",43.12,9300,1950957
"Приморский край",2012,21299.7,14770.8,"Дальневосточный федеральный округ",43.12,9300,1945842
"Псковская область",2000,1374.8,214.1,"Северо-Западный федеральный округ",57.82,732,787531
"Псковская область",2001,1847.7,454.8,"Северо-Западный федеральный округ",57.82,732,775739
"Псковская область",2002,2735,551.1,"Северо-Западный федеральный округ",57.82,732,763884
"Псковская область",2003,3555.7,696.6,"Северо-Западный федеральный округ",57.82,732,752433
"Псковская область",2004,4293.6,818.8,"Северо-Западный федеральный округ",57.82,732,740634
"Псковская область",2005,4926.8,632.9,"Северо-Западный федеральный округ",57.82,732,727644
"Псковская область",2006,6422.5,679.9,"Северо-Западный федеральный округ",57.82,732,714502
"Псковская область",2007,7923.2,1402.8,"Северо-Западный федеральный округ",57.82,732,703913
"Псковская область",2008,10336.4,2476.8,"Северо-Западный федеральный округ",57.82,732,694962
"Псковская область",2009,11438,1542.6,"Северо-Западный федеральный округ",57.82,732,686113
"Псковская область",2010,12797.6,1378.3,"Северо-Западный федеральный округ",57.82,732,676582
"Псковская область",2011,14185.3,2162,"Северо-Западный федеральный округ",57.82,732,668329
"Псковская область",2012,16412.1,3846.9,"Северо-Западный федеральный округ",57.82,732,661855
"Республика Адыгея",2000,1385.3,57.9,"Южный федеральный округ",44.61,1540,448191
"Республика Адыгея",2001,1642.5,357.1,"Южный федеральный округ",44.61,1540,446974
"Республика Адыгея",2002,2166.9,649,"Южный федеральный округ",44.61,1540,446728
"Республика Адыгея",2003,2548.9,447,"Южный федеральный округ",44.61,1540,445838
"Республика Адыгея",2004,3080.3,353.9,"Южный федеральный округ",44.61,1540,444073
"Республика Адыгея",2005,3892.9,648.9,"Южный федеральный округ",44.61,1540,442146
"Республика Адыгея",2006,4731,555,"Южный федеральный округ",44.61,1540,439798
"Республика Адыгея",2007,5802.1,1042.6,"Южный федеральный округ",44.61,1540,438251
"Республика Адыгея",2008,8047,1519.2,"Южный федеральный округ",44.61,1540,438639
"Республика Адыгея",2009,10555.8,3263.4,"Южный федеральный округ",44.61,1540,439570
"Республика Адыгея",2010,12278.7,3732.4,"Южный федеральный округ",44.61,1540,439847
"Республика Адыгея",2011,14271.6,2666.9,"Южный федеральный округ",44.61,1540,442481
"Республика Адыгея",2012,17025.3,1899.1,"Южный федеральный округ",44.61,1540,447389
"Республика Алтай",2000,1182,24.7,"Сибирский федеральный округ",51.96,3940,202743
"Республика Алтай",2001,1620,30.9,"Сибирский федеральный округ",51.96,3940,202992
"Республика Алтай",2002,2354.6,55.3,"Сибирский федеральный округ",51.96,3940,202997
"Республика Алтай",2003,2876.4,105.2,"Сибирский федеральный округ",51.96,3940,202805
"Республика Алтай",2004,3419.4,339.3,"Сибирский федеральный округ",51.96,3940,202452
"Республика Алтай",2005,4380.9,314.5,"Сибирский федеральный округ",51.96,3940,202003
"Республика Алтай",2006,5557,242.1,"Сибирский федеральный округ",51.96,3940,201709
"Республика Алтай",2007,7066.8,562.5,"Сибирский федеральный округ",51.96,3940,202436
"Республика Алтай",2008,10384.8,1018,"Сибирский федеральный округ",51.96,3940,203908
"Республика Алтай",2009,11081.3,1163.1,"Сибирский федеральный округ",51.96,3940,205037
"Республика Алтай",2010,13535.7,649.5,"Сибирский федеральный округ",51.96,3940,205958
"Республика Алтай",2011,13836.9,1661.4,"Сибирский федеральный округ",51.96,3940,206985
"Республика Алтай",2012,14277.7,1658.9,"Сибирский федеральный округ",51.96,3940,207887
"Республика Башкор...",2000,1736.3,2252.6,"Приволжский федеральный округ",54.74,1490,4117493
"Республика Башкор...",2001,2400.2,7696.4,"Приволжский федеральный округ",54.74,1490,4111714
"Республика Башкор...",2002,3133.8,7492.6,"Приволжский федеральный округ",54.74,1490,4105257
"Республика Башкор...",2003,4153.1,8716.3,"Приволжский федеральный округ",54.74,1490,4098244
"Республика Башкор...",2004,5156.6,10811.5,"Приволжский федеральный округ",54.74,1490,4087782
"Республика Башкор...",2005,6886.5,16224.7,"Приволжский федеральный округ",54.74,1490,4073803
"Республика Башкор...",2006,8903.6,19643.6,"Приволжский федеральный округ",54.74,1490,4059848
"Республика Башкор...",2007,11072.8,31326.3,"Приволжский федеральный округ",54.74,1490,4054129
"Республика Башкор...",2008,14245.4,44604.3,"Приволжский федеральный округ",54.74,1490,4057096
"Республика Башкор...",2009,16124.8,34046.9,"Приволжский федеральный округ",54.74,1490,4063959
"Республика Башкор...",2010,17498.9,37283.2,"Приволжский федеральный округ",54.74,1490,4070315
"Республика Башкор...",2011,19029.8,42526.1,"Приволжский федеральный округ",54.74,1490,4072328
"Республика Башкор...",2012,21258.8,58626.6,"Приволжский федеральный округ",54.74,1490,4075277
"Республика Бурятия",2000,1639,108.5,"Сибирский федеральный округ",51.83,5610,1000850
"Республика Бурятия",2001,2262.4,645.6,"Сибирский федеральный округ",51.83,5610,992100
"Республика Бурятия",2002,3141.2,853.1,"Сибирский федеральный округ",51.83,5610,983448
"Республика Бурятия",2003,3857.4,734.1,"Сибирский федеральный округ",51.83,5610,977082
"Республика Бурятия",2004,4671.9,655.7,"Сибирский федеральный округ",51.83,5610,972777
"Республика Бурятия",2005,6026.9,1235.4,"Сибирский федеральный округ",51.83,5610,968953
"Республика Бурятия",2006,6989.8,1169.4,"Сибирский федеральный округ",51.83,5610,965747
"Республика Бурятия",2007,8845.7,1935,"Сибирский федеральный округ",51.83,5610,964869
"Республика Бурятия",2008,11233.4,2611,"Сибирский федеральный округ",51.83,5610,965876
"Республика Бурятия",2009,12956.1,2430.6,"Сибирский федеральный округ",51.83,5610,968164
"Республика Бурятия",2010,14270.7,3328.6,"Сибирский федеральный округ",51.83,5610,970636
"Республика Бурятия",2011,15715.5,2667.1,"Сибирский федеральный округ",51.83,5610,971422
"Республика Бурятия",2012,17119,5704.2,"Сибирский федеральный округ",51.83,5610,971285
"Республика Дагестан",2000,861.3,160.5,"Южный федеральный округ",42.98,2170,2464297
"Республика Дагестан",2001,1141.2,3415,"Южный федеральный округ",42.98,2170,2511042
"Республика Дагестан",2002,1534,1836.2,"Южный федеральный округ",42.98,2170,2558763
"Республика Дагестан",2003,2125,3539.9,"Южный федеральный округ",42.98,2170,2599457
"Республика Дагестан",2004,3311.2,4023.6,"Южный федеральный округ",42.98,2170,2635106
"Республика Дагестан",2005,4388.5,5877.9,"Южный федеральный округ",42.98,2170,2672665
"Республика Дагестан",2006,6112.1,11552.2,"Южный федеральный округ",42.98,2170,2714228
"Республика Дагестан",2007,7724.2,16635.6,"Южный федеральный округ",42.98,2170,2762218
"Республика Дагестан",2008,10541.1,23255.5,"Южный федеральный округ",42.98,2170,2807562
"Республика Дагестан",2009,13250.1,25847.3,"Южный федеральный округ",42.98,2170,2847642
"Республика Дагестан",2010,15678.3,43424.9,"Южный федеральный округ",42.98,2170,2891481
"Республика Дагестан",2011,18278.1,43914.2,"Южный федеральный округ",42.98,2170,2924408
"Республика Дагестан",2012,20647.9,33398.6,"Южный федеральный округ",42.98,2170,2944136
"Республика Ингушетия",2000,587.2,64.2,"Южный федеральный округ",43.17,1870,392735
"Республика Ингушетия",2001,908.5,231.7,"Южный федеральный округ",43.17,1870,450480
"Республика Ингушетия",2002,1170.7,90.9,"Южный федеральный округ",43.17,1870,462148
"Республика Ингушетия",2003,1402.2,139.2,"Южный федеральный округ",43.17,1870,460352
"Республика Ингушетия",2004,1757.5,114.7,"Южный федеральный округ",43.17,1870,442809
"Республика Ингушетия",2005,2737.3,239.6,"Южный федеральный округ",43.17,1870,425539
"Республика Ингушетия",2006,3568.8,447.1,"Южный федеральный округ",43.17,1870,412064
"Республика Ингушетия",2007,4886.7,3084,"Южный федеральный округ",43.17,1870,406680
"Республика Ингушетия",2008,6909.2,1423.2,"Южный федеральный округ",43.17,1870,407915
"Республика Ингушетия",2009,8000.5,2121.9,"Южный федеральный округ",43.17,1870,410473
"Республика Ингушетия",2010,9630,1976.6,"Южный федеральный округ",43.17,1870,413129
"Республика Ингушетия",2011,11562.2,1767.8,"Южный федеральный округ",43.17,1870,421893
"Республика Ингушетия",2012,12375.5,2957.7,"Южный федеральный округ",43.17,1870,434667
"Республика Калмыкия",2000,979,6.1,"Южный федеральный округ",46.31,1680,307818
"Республика Калмыкия",2001,1545.5,271.5,"Южный федеральный округ",46.31,1680,302429
"Республика Калмыкия",2002,1763,175.4,"Южный федеральный округ",46.31,1680,294716
"Республика Калмыкия",2003,2100.2,234,"Южный федеральный округ",46.31,1680,292009
"Республика Калмыкия",2004,2312.1,227.2,"Южный федеральный округ",46.31,1680,292674
"Республика Калмыкия",2005,2391.9,217.5,"Южный федеральный округ",46.31,1680,293347
"Республика Калмыкия",2006,3456.7,406.6,"Южный федеральный округ",46.31,1680,293263
"Республика Калмыкия",2007,4375.2,666,"Южный федеральный округ",46.31,1680,292332
"Республика Калмыкия",2008,5530.9,967.8,"Южный федеральный округ",46.31,1680,290966
"Республика Калмыкия",2009,6953.5,984.2,"Южный федеральный округ",46.31,1680,289974
"Республика Калмыкия",2010,7774,1215.4,"Южный федеральный округ",46.31,1680,289286
"Республика Калмыкия",2011,8829.4,809.5,"Южный федеральный округ",46.31,1680,287636
"Республика Калмыкия",2012,10183.8,933,"Южный федеральный округ",46.31,1680,284968
"Республика Карелия",2000,2313.2,140.4,"Северо-Западный федеральный округ",61.79,1010,732140
"Республика Карелия",2001,2930.8,570.4,"Северо-Западный федеральный округ",61.79,1010,725178
"Республика Карелия",2002,4061,488.6,"Северо-Западный федеральный округ",61.79,1010,718376
"Республика Карелия",2003,4937,748.6,"Северо-Западный федеральный округ",61.79,1010,709030
"Республика Карелия",2004,5809.2,1072.9,"Северо-Западный федеральный округ",61.79,1010,696224
"Республика Карелия",2005,7277.8,1214.7,"Северо-Западный федеральный округ",61.79,1010,682820
"Республика Карелия",2006,9127.6,1129.5,"Северо-Западный федеральный округ",61.79,1010,670537
"Республика Карелия",2007,10547.6,2089.5,"Северо-Западный федеральный округ",61.79,1010,662218
"Республика Карелия",2008,12833.8,2325.1,"Северо-Западный федеральный округ",61.79,1010,656584
"Республика Карелия",2009,14293,2262.8,"Северо-Западный федеральный округ",61.79,1010,651242
"Республика Карелия",2010,16045.7,2247.2,"Северо-Западный федеральный округ",61.79,1010,645650
"Республика Карелия",2011,17542.7,2868.7,"Северо-Западный федеральный округ",61.79,1010,638808
"Республика Карелия",2012,20037.4,2837,"Северо-Западный федеральный округ",61.79,1010,630374
"Республика Коми",2000,3140.8,401.1,"Северо-Западный федеральный округ",61.67,1410,1050380
"Республика Коми",2001,4862.1,871.5,"Северо-Западный федеральный округ",61.67,1410,1036263
"Республика Коми",2002,6225,899.2,"Северо-Западный федеральный округ",61.67,1410,1022838
"Республика Коми",2003,7476.7,970.3,"Северо-Западный федеральный округ",61.67,1410,1007948
"Республика Коми",2004,9300.6,1258.2,"Северо-Западный федеральный округ",61.67,1410,991373
"Республика Коми",2005,11452.3,1927.7,"Северо-Западный федеральный округ",61.67,1410,972920
"Республика Коми",2006,13782.2,2082.5,"Северо-Западный федеральный округ",61.67,1410,953883
"Республика Коми",2007,16760.7,2415.2,"Северо-Западный федеральный округ",61.67,1410,939841
"Республика Коми",2008,19334,3341.7,"Северо-Западный федеральный округ",61.67,1410,928594
"Республика Коми",2009,20085,2838.7,"Северо-Западный федеральный округ",61.67,1410,917149
"Республика Коми",2010,22260.3,1687.5,"Северо-Западный федеральный округ",61.67,1410,905595
"Республика Коми",2011,23924.9,1690.8,"Северо-Западный федеральный округ",61.67,1410,891144
"Республика Коми",2012,26787.3,2587.5,"Северо-Западный федеральный округ",61.67,1410,875127
"Республика Марий Эл",2000,1067.8,268.9,"Приволжский федеральный округ",56.63,680,741468
"Республика Марий Эл",2001,1387.6,509.2,"Приволжский федеральный округ",56.63,680,735940
"Республика Марий Эл",2002,1813.1,601.3,"Приволжский федеральный округ",56.63,680,729756
"Республика Марий Эл",2003,2189,1036.8,"Приволжский федеральный округ",56.63,680,724717
"Республика Марий Эл",2004,2566.6,1172.1,"Приволжский федеральный округ",56.63,680,720482
"Республика Марий Эл",2005,3376,1675.2,"Приволжский федеральный округ",56.63,680,715840
"Республика Марий Эл",2006,4896.5,2504.9,"Приволжский федеральный округ",56.63,680,710983
"Республика Марий Эл",2007,6072.3,4423.5,"Приволжский федеральный округ",56.63,680,706746
"Республика Марий Эл",2008,7825.4,6232.2,"Приволжский федеральный округ",56.63,680,703278
"Республика Марий Эл",2009,9205.4,5450,"Приволжский федеральный округ",56.63,680,700498
"Республика Марий Эл",2010,10335.7,6482.2,"Приволжский федеральный округ",56.63,680,697435
"Республика Марий Эл",2011,11328.4,7011.4,"Приволжский федеральный округ",56.63,680,694210
"Республика Марий Эл",2012,12537.9,8507.3,"Приволжский федеральный округ",56.63,680,692111
"Республика Мордовия",2000,1128.4,236.8,"Приволжский федеральный округ",54.19,650,913301
"Республика Мордовия",2001,1570.2,829.9,"Приволжский федеральный округ",54.19,650,902636
"Республика Мордовия",2002,2124.1,826.3,"Приволжский федеральный округ",54.19,650,891652
"Республика Мордовия",2003,2719.9,1033,"Приволжский федеральный округ",54.19,650,882232
"Республика Мордовия",2004,3266.3,1015.4,"Приволжский федеральный округ",54.19,650,875073
"Республика Мордовия",2005,4102.9,1581.4,"Приволжский федеральный округ",54.19,650,868276
"Республика Мордовия",2006,4826.9,2879.9,"Приволжский федеральный округ",54.19,650,861304
"Республика Мордовия",2007,6060.4,3971,"Приволжский федеральный округ",54.19,650,854781
"Республика Мордовия",2008,8269.6,4839,"Приволжский федеральный округ",54.19,650,848310
"Республика Мордовия",2009,9522.2,6317.4,"Приволжский федеральный округ",54.19,650,842073
"Республика Мордовия",2010,11294.2,7405.2,"Приволжский федеральный округ",54.19,650,836224
"Республика Мордовия",2011,11948,6910.7,"Приволжский федеральный округ",54.19,650,829766
"Республика Мордовия",2012,13062.7,7021,"Приволжский федеральный округ",54.19,650,823328
"Республика Саха (...",2000,3967.7,1031.4,"Дальневосточный федеральный округ",62.03,8500,959990
"Республика Саха (...",2001,5009.9,3536.1,"Дальневосточный федеральный округ",62.03,8500,954486
"Республика Саха (...",2002,6348.2,2800.8,"Дальневосточный федеральный округ",62.03,8500,950068
"Республика Саха (...",2003,8239.7,2863.2,"Дальневосточный федеральный округ",62.03,8500,949301
"Республика Саха (...",2004,9633.2,2624.4,"Дальневосточный федеральный округ",62.03,8500,951568
"Республика Саха (...",2005,11349.9,4261.7,"Дальневосточный федеральный округ",62.03,8500,953782
"Республика Саха (...",2006,13554.9,4851.4,"Дальневосточный федеральный округ",62.03,8500,955245
"Республика Саха (...",2007,15571.2,7248.9,"Дальневосточный федеральный округ",62.03,8500,957513
"Республика Саха (...",2008,18586.4,6820,"Дальневосточный федеральный округ",62.03,8500,958491
"Республика Саха (...",2009,21161.7,6928.7,"Дальневосточный федеральный округ",62.03,8500,958196
"Республика Саха (...",2010,23088.1,9922.4,"Дальневосточный федеральный округ",62.03,8500,958297
"Республика Саха (...",2011,25616.9,12344.3,"Дальневосточный федеральный округ",62.03,8500,957292
"Республика Саха (...",2012,28457.3,17069.1,"Дальневосточный федеральный округ",62.03,8500,956367
"Республика Северн...",2000,1472.8,125.3,"Южный федеральный округ",43.02,1900,698958
"Республика Северн...",2001,1632.2,728.5,"Южный федеральный округ",43.02,1900,706986
"Республика Северн...",2002,1961,651.3,"Южный федеральный округ",43.02,1900,709664
"Республика Северн...",2003,2596,673.1,"Южный федеральный округ",43.02,1900,708675
"Республика Северн...",2004,4085.8,688.5,"Южный федеральный округ",43.02,1900,707035
"Республика Северн...",2005,4668.8,929.3,"Южный федеральный округ",43.02,1900,706644
"Республика Северн...",2006,5976.7,1645.5,"Южный федеральный округ",43.02,1900,707847
"Республика Северн...",2007,7781.7,1531.9,"Южный федеральный округ",43.02,1900,710155
"Республика Северн...",2008,9847.5,2041.3,"Южный федеральный округ",43.02,1900,711584
"Республика Северн...",2009,9977.7,1962.4,"Южный федеральный округ",43.02,1900,711693
"Республика Северн...",2010,13192.9,3120.2,"Южный федеральный округ",43.02,1900,712102
"Республика Северн...",2011,13757,5257.6,"Южный федеральный округ",43.02,1900,710704
"Республика Северн...",2012,16184.7,2723.8,"Южный федеральный округ",43.02,1900,707558
"Республика Татарстан",2000,1813.1,3809.9,"Приволжский федеральный округ",55.8,815,3788276
"Республика Татарстан",2001,2471.8,6910.7,"Приволжский федеральный округ",55.8,815,3784355
"Республика Татарстан",2002,3249.4,7556.3,"Приволжский федеральный округ",55.8,815,3779785
"Республика Татарстан",2003,4273.1,13084.1,"Приволжский федеральный округ",55.8,815,3775386
"Республика Татарстан",2004,5355,17758.1,"Приволжский федеральный округ",55.8,815,3770636
"Республика Татарстан",2005,7383.5,18640.4,"Приволжский федеральный округ",55.8,815,3764883
"Республика Татарстан",2006,9365.5,16778.6,"Приволжский федеральный округ",55.8,815,3762353
"Республика Татарстан",2007,11566.9,35041.3,"Приволжский федеральный округ",55.8,815,3764942
"Республика Татарстан",2008,14163.7,52860.9,"Приволжский федеральный округ",55.8,815,3770152
"Республика Татарстан",2009,15892.5,42327.7,"Приволжский федеральный округ",55.8,815,3778992
"Республика Татарстан",2010,18424,53933.1,"Приволжский федеральный округ",55.8,815,3785971
"Республика Татарстан",2011,20222.6,69333.6,"Приволжский федеральный округ",55.8,815,3799963
"Республика Татарстан",2012,24009.8,85737.7,"Приволжский федеральный округ",55.8,815,3826898
"Республика Тыва",2000,1167.6,38.1,"Сибирский федеральный округ",51.72,4650,305921
"Республика Тыва",2001,1638.3,83,"Сибирский федеральный округ",51.72,4650,305478
"Республика Тыва",2002,2402.1,147.8,"Сибирский федеральный округ",51.72,4650,305361
"Республика Тыва",2003,2872.9,187.4,"Сибирский федеральный округ",51.72,4650,305225
"Республика Тыва",2004,3384.9,119.3,"Сибирский федеральный округ",51.72,4650,304512
"Республика Тыва",2005,4161.5,127.9,"Сибирский федеральный округ",51.72,4650,303478
"Республика Тыва",2006,4819.6,508,"Сибирский федеральный округ",51.72,4650,302623
"Республика Тыва",2007,5959.2,321.3,"Сибирский федеральный округ",51.72,4650,303070
"Республика Тыва",2008,8084.1,476.2,"Сибирский федеральный округ",51.72,4650,304545
"Республика Тыва",2009,10041.8,671.4,"Сибирский федеральный округ",51.72,4650,306315
"Республика Тыва",2010,10159.6,864.2,"Сибирский федеральный округ",51.72,4650,307728
"Республика Тыва",2011,10962.8,2014.8,"Сибирский федеральный округ",51.72,4650,308887
"Республика Тыва",2012,11932.6,1113.1,"Сибирский федеральный округ",51.72,4650,310396
"Республика Хакасия",2000,1904.1,73.2,"Сибирский федеральный округ",53.72,4350,555942
"Республика Хакасия",2001,2475.5,520.3,"Сибирский федеральный округ",53.72,4350,551951
"Республика Хакасия",2002,3143.7,470.3,"Сибирский федеральный округ",53.72,4350,547352
"Республика Хакасия",2003,3765,590.2,"Сибирский федеральный округ",53.72,4350,543306
"Республика Хакасия",2004,4440.9,671.4,"Сибирский федеральный округ",53.72,4350,539694
"Республика Хакасия",2005,5176.5,1119.7,"Сибирский федеральный округ",53.72,4350,535899
"Республика Хакасия",2006,6425.5,1265.3,"Сибирский федеральный округ",53.72,4350,532482
"Республика Хакасия",2007,8066.9,2789,"Сибирский федеральный округ",53.72,4350,531224
"Республика Хакасия",2008,10303.6,2827.6,"Сибирский федеральный округ",53.72,4350,531590
"Республика Хакасия",2009,10705.7,2579.8,"Сибирский федеральный округ",53.72,4350,532307
"Республика Хакасия",2010,12806.4,3833.4,"Сибирский федеральный округ",53.72,4350,532513
"Республика Хакасия",2011,14222.8,4027.2,"Сибирский федеральный округ",53.72,4350,532368
"Республика Хакасия",2012,15991.4,5042.7,"Сибирский федеральный округ",53.72,4350,533079
"Ростовская область",2000,1653.3,794.5,"Южный федеральный округ",47.24,1076,4446874
"Ростовская область",2001,2270.6,3649.9,"Южный федеральный округ",47.24,1076,4428483
"Ростовская область",2002,3025.7,4204.1,"Южный федеральный округ",47.24,1076,4407164
"Ростовская область",2003,4023.9,7581.5,"Южный федеральный округ",47.24,1076,4386096
"Ростовская область",2004,5038.1,9794.3,"Южный федеральный округ",47.24,1076,4364117
"Ростовская область",2005,6359.7,11711,"Южный федеральный округ",47.24,1076,4342578
"Ростовская область",2006,7482.5,16689.9,"Южный федеральный округ",47.24,1076,4323547
"Ростовская область",2007,9538.8,26244,"Южный федеральный округ",47.24,1076,4306132
"Ростовская область",2008,12027.7,41091.4,"Южный федеральный округ",47.24,1076,4295041
"Ростовская область",2009,12800,38015.8,"Южный федеральный округ",47.24,1076,4288622
"Ростовская область",2010,14647.1,38715.3,"Южный федеральный округ",47.24,1076,4279999
"Ростовская область",2011,16010.3,43442.7,"Южный федеральный округ",47.24,1076,4269623
"Ростовская область",2012,17987.3,50683.2,"Южный федеральный округ",47.24,1076,4262716
"Рязанская область",2000,1265.2,168,"Центральный федеральный округ",54.63,196,1266657
"Рязанская область",2001,1852.8,933,"Центральный федеральный округ",54.63,196,1249893
"Рязанская область",2002,2530.9,891,"Центральный федеральный округ",54.63,196,1232343
"Рязанская область",2003,3309.1,1100.8,"Центральный федеральный округ",54.63,196,1217031
"Рязанская область",2004,3638.8,1224.7,"Центральный федеральный округ",54.63,196,1204865
"Рязанская область",2005,4775.1,1528.5,"Центральный федеральный округ",54.63,196,1194108
"Рязанская область",2006,6133.4,1812.8,"Центральный федеральный округ",54.63,196,1185158
"Рязанская область",2007,8049,5242.4,"Центральный федеральный округ",54.63,196,1177921
"Рязанская область",2008,11214.8,8755.2,"Центральный федеральный округ",54.63,196,1171121
"Рязанская область",2009,11968.4,6050.6,"Центральный федеральный округ",54.63,196,1164855
"Рязанская область",2010,13886.3,4940.9,"Центральный федеральный округ",54.63,196,1156822
"Рязанская область",2011,14788,4705.5,"Центральный федеральный округ",54.63,196,1150716
"Рязанская область",2012,17664.4,5875.4,"Центральный федеральный округ",54.63,196,1148299
"Самарская область",2000,2605.2,1236.8,"Приволжский федеральный округ",53.2,1050,3283712
"Самарская область",2001,3262.6,2591.1,"Приволжский федеральный округ",53.2,1050,3264926
"Самарская область",2002,4270.3,3997.7,"Приволжский федеральный округ",53.2,1050,3244875
"Самарская область",2003,5788.1,4452.1,"Приволжский федеральный округ",53.2,1050,3232425
"Самарская область",2004,7176.6,5095.6,"Приволжский федеральный округ",53.2,1050,3227213
"Самарская область",2005,9264.1,7050,"Приволжский федеральный округ",53.2,1050,3225459
"Самарская область",2006,11382.9,7554.3,"Приволжский федеральный округ",53.2,1050,3224790
"Самарская область",2007,13779.3,9986.5,"Приволжский федеральный округ",53.2,1050,3222438
"Самарская область",2008,15564.2,11052.3,"Приволжский федеральный округ",53.2,1050,3221226
"Самарская область",2009,18021,11420.6,"Приволжский федеральный округ",53.2,1050,3221211
"Самарская область",2010,20223.1,12890.6,"Приволжский федеральный округ",53.2,1050,3218110
"Самарская область",2011,21756.1,26234.7,"Приволжский федеральный округ",53.2,1050,3216169
"Самарская область",2012,24683,26975.1,"Приволжский федеральный округ",53.2,1050,3218119
"Саратовская область",2000,1540.1,605.6,"Приволжский федеральный округ",51.53,850,2705016
"Саратовская область",2001,2035.2,1714.9,"Приволжский федеральный округ",51.53,850,2690724
"Саратовская область",2002,2620.7,2030.2,"Приволжский федеральный округ",51.53,850,2672772
"Саратовская область",2003,3337.1,3099.2,"Приволжский федеральный округ",51.53,850,2651504
"Саратовская область",2004,3995,2397.1,"Приволжский федеральный округ",51.53,850,2627550
"Саратовская область",2005,5056,3795,"Приволжский федеральный округ",51.53,850,2603403
"Саратовская область",2006,6182,5803.9,"Приволжский федеральный округ",51.53,850,2581813
"Саратовская область",2007,7320.3,7173.1,"Приволжский федеральный округ",51.53,850,2565359
"Саратовская область",2008,9155.7,13359.2,"Приволжский федеральный округ",51.53,850,2551809
"Саратовская область",2009,10485.5,17123.1,"Приволжский федеральный округ",51.53,850,2540365
"Саратовская область",2010,12146.6,17443,"Приволжский федеральный округ",51.53,850,2527358
"Саратовская область",2011,13097.3,13801.5,"Приволжский федеральный округ",51.53,850,2517102
"Саратовская область",2012,14243.3,21106.3,"Приволжский федеральный округ",51.53,850,2515327
"Сахалинская область",2000,2792.8,857.6,"Дальневосточный федеральный округ",46.95,10400,564644
"Сахалинская область",2001,3872.4,800.7,"Дальневосточный федеральный округ",46.95,10400,556096
"Сахалинская область",2002,5522.8,734.9,"Дальневосточный федеральный округ",46.95,10400,548584
"Сахалинская область",2003,7676,1523.9,"Дальневосточный федеральный округ",46.95,10400,540895
"Сахалинская область",2004,9488.3,1176,"Дальневосточный федеральный округ",46.95,10400,533297
"Сахалинская область",2005,12639.5,709.4,"Дальневосточный федеральный округ",46.95,10400,525467
"Сахалинская область",2006,16412.4,2608.1,"Дальневосточный федеральный округ",46.95,10400,517286
"Сахалинская область",2007,20513,3246.4,"Дальневосточный федеральный округ",46.95,10400,511407
"Сахалинская область",2008,25007.3,5926.9,"Дальневосточный федеральный округ",46.95,10400,507130
"Сахалинская область",2009,28348.7,3613,"Дальневосточный федеральный округ",46.95,10400,503087
"Сахалинская область",2010,30727,3008.5,"Дальневосточный федеральный округ",46.95,10400,499008
"Сахалинская область",2011,32268.2,1488,"Дальневосточный федеральный округ",46.95,10400,495225
"Сахалинская область",2012,33459.5,2667,"Дальневосточный федеральный округ",46.95,10400,491685
"Свердловская область",2000,2139.7,1864,"Уральский федеральный округ",56.84,1790,4561735
"Свердловская область",2001,2994.2,3397.6,"Уральский федеральный округ",56.84,1790,4530012
"Свердловская область",2002,3954.1,4463.4,"Уральский федеральный округ",56.84,1790,4495812
"Свердловская область",2003,5278,5646.8,"Уральский федеральный округ",56.84,1790,4455859
"Свердловская область",2004,6743.3,7744.5,"Уральский федеральный округ",56.84,1790,4414103
"Свердловская область",2005,9021.7,9045.4,"Уральский федеральный округ",56.84,1790,4375233
"Свердловская область",2006,11167.6,17123.6,"Уральский федеральный округ",56.84,1790,4343502
"Свердловская область",2007,14481.5,30471.6,"Уральский федеральный округ",56.84,1790,4325347
"Свердловская область",2008,17481.2,37150.5,"Уральский федеральный округ",56.84,1790,4317226
"Свердловская область",2009,19722.5,29260.9,"Уральский федеральный округ",56.84,1790,4311404
"Свердловская область",2010,22193.8,39696.2,"Уральский федеральный округ",56.84,1790,4302849
"Свердловская область",2011,24892.6,57184.7,"Уральский федеральный округ",56.84,1790,4302363
"Свердловская область",2012,27709.2,53059.8,"Уральский федеральный округ",56.84,1790,4311585
"Смоленская область",2000,1720.2,400.4,"Центральный федеральный округ",54.78,398,1090796
"Смоленская область",2001,2336.4,1067.4,"Центральный федеральный округ",54.78,398,1072733
"Смоленская область",2002,3003.5,1272.5,"Центральный федеральный округ",54.78,398,1054576
"Смоленская область",2003,3723.9,1841.8,"Центральный федеральный округ",54.78,398,1042505
"Смоленская область",2004,4429,1647.5,"Центральный федеральный округ",54.78,398,1035715
"Смоленская область",2005,5482.7,1813.1,"Центральный федеральный округ",54.78,398,1028870
"Смоленская область",2006,6722.8,2751.6,"Центральный федеральный округ",54.78,398,1021671
"Смоленская область",2007,8227.9,3859.8,"Центральный федеральный округ",54.78,398,1013459
"Смоленская область",2008,11222.5,5846.7,"Центральный федеральный округ",54.78,398,1004864
"Смоленская область",2009,12616,5085.3,"Центральный федеральный округ",54.78,398,996864
"Смоленская область",2010,14546,4391.4,"Центральный федеральный округ",54.78,398,987952
"Смоленская область",2011,15969.1,7336.4,"Центральный федеральный округ",54.78,398,980584
"Смоленская область",2012,18250.4,6805.7,"Центральный федеральный округ",54.78,398,974558
"Ставропольский край",2000,1405,422.2,"Южный федеральный округ",45.04,1450,2740906
"Ставропольский край",2001,1766.5,2577.6,"Южный федеральный округ",45.04,1450,2738537
"Ставропольский край",2002,2335.2,3034.7,"Южный федеральный округ",45.04,1450,2734340
"Ставропольский край",2003,3071.8,3323.4,"Южный федеральный округ",45.04,1450,2735784
"Ставропольский край",2004,3886.1,4393.4,"Южный федеральный округ",45.04,1450,2740090
"Ставропольский край",2005,5116.5,5952.1,"Южный федеральный округ",45.04,1450,2743995
"Ставропольский край",2006,6488.4,7173,"Южный федеральный округ",45.04,1450,2746976
"Ставропольский край",2007,8122.4,9743.4,"Южный федеральный округ",45.04,1450,2753377
"Ставропольский край",2008,9745.6,12363.8,"Южный федеральный округ",45.04,1450,2763647
"Ставропольский край",2009,11244.5,16164.3,"Южный федеральный округ",45.04,1450,2772657
"Ставропольский край",2010,13016.1,19601.9,"Южный федеральный округ",45.04,1450,2781610
"Ставропольский край",2011,14439.9,21479.8,"Южный федеральный округ",45.04,1450,2791688
"Ставропольский край",2012,16877.2,21973.5,"Южный федеральный округ",45.04,1450,2805376
"Таймырский (Долга...",2000,4741.6,93.6,"Сибирский федеральный округ",69.4,3600,38273
"Таймырский (Долга...",2001,7610.6,9.1,"Сибирский федеральный округ",69.4,3600,38720
"Таймырский (Долга...",2002,8460.9,81.7,"Сибирский федеральный округ",69.4,3600,39418
"Тамбовская область",2000,1508.6,201.4,"Центральный федеральный округ",52.73,480,1222320
"Тамбовская область",2001,2072,770.9,"Центральный федеральный округ",52.73,480,1203494
"Тамбовская область",2002,2688.3,1317.1,"Центральный федеральный округ",52.73,480,1183815
"Тамбовская область",2003,3416.2,2175.2,"Центральный федеральный округ",52.73,480,1168044
"Тамбовская область",2004,4050.9,2758.3,"Центральный федеральный округ",52.73,480,1156341
"Тамбовская область",2005,5292.4,3791.8,"Центральный федеральный округ",52.73,480,1144689
"Тамбовская область",2006,6814.8,5198,"Центральный федеральный округ",52.73,480,1132782
"Тамбовская область",2007,8514.7,7526.8,"Центральный федеральный округ",52.73,480,1121726
"Тамбовская область",2008,11144.9,11694.8,"Центральный федеральный округ",52.73,480,1112124
"Тамбовская область",2009,11970.2,16295.2,"Центральный федеральный округ",52.73,480,1103730
"Тамбовская область",2010,13630.8,17063.7,"Центральный федеральный округ",52.73,480,1094675
"Тамбовская область",2011,15150.6,16430.7,"Центральный федеральный округ",52.73,480,1086024
"Тамбовская область",2012,17469.8,20693.9,"Центральный федеральный округ",52.73,480,1078872
"Тверская область",2000,1253.7,623.1,"Центральный федеральный округ",56.86,167,1531687
"Тверская область",2001,1689.6,1878.8,"Центральный федеральный округ",56.86,167,1505510
"Тверская область",2002,2349.2,2086.4,"Центральный федеральный округ",56.86,167,1478524
"Тверская область",2003,3020.6,2989.7,"Центральный федеральный округ",56.86,167,1456696
"Тверская область",2004,3955.8,3561.9,"Центральный федеральный округ",56.86,167,1440218
"Тверская область",2005,5606.1,3666.5,"Центральный федеральный округ",56.86,167,1423942
"Тверская область",2006,7266.6,3981.2,"Центральный федеральный округ",56.86,167,1407059
"Тверская область",2007,8542.9,5244.6,"Центральный федеральный округ",56.86,167,1392899
"Тверская область",2008,10803.3,7438.1,"Центральный федеральный округ",56.86,167,1381183
"Тверская область",2009,12185,9707.7,"Центральный федеральный округ",56.86,167,1370372
"Тверская область",2010,13872.6,9788.7,"Центральный федеральный округ",56.86,167,1357707
"Тверская область",2011,14943.4,11686.9,"Центральный федеральный округ",56.86,167,1345945
"Тверская область",2012,17247.3,7719.2,"Центральный федеральный округ",56.86,167,1337546
"Томская область",2000,2070.2,292.7,"Сибирский федеральный округ",56.5,3600,1056068
"Томская область",2001,2851.3,593.2,"Сибирский федеральный округ",56.5,3600,1052020
"Томская область",2002,3954.3,647.1,"Сибирский федеральный округ",56.5,3600,1047664
"Томская область",2003,5407.3,979.2,"Сибирский федеральный округ",56.5,3600,1041746
"Томская область",2004,6472.7,1273.5,"Сибирский федеральный округ",56.5,3600,1033948
"Томская область",2005,8141.6,1490.2,"Сибирский федеральный округ",56.5,3600,1027118
"Томская область",2006,9992.4,2903.8,"Сибирский федеральный округ",56.5,3600,1023678
"Томская область",2007,11997.9,4424.3,"Сибирский федеральный округ",56.5,3600,1024685
"Томская область",2008,13584.3,7397.2,"Сибирский федеральный округ",56.5,3600,1028915
"Томская область",2009,13917.6,6779.7,"Сибирский федеральный округ",56.5,3600,1035884
"Томская область",2010,15070.5,7815.7,"Сибирский федеральный округ",56.5,3600,1044392
"Томская область",2011,16516,9425.3,"Сибирский федеральный округ",56.5,3600,1052877
"Томская область",2012,17875.6,13773.6,"Сибирский федеральный округ",56.5,3600,1060205
"Тульская область",2000,1486,428.6,"Центральный федеральный округ",54.2,185,1731523
"Тульская область",2001,2015.1,777.2,"Центральный федеральный округ",54.2,185,1706842
"Тульская область",2002,2619.8,1350.3,"Центральный федеральный округ",54.2,185,1681909
"Тульская область",2003,3382.6,1523.3,"Центральный федеральный округ",54.2,185,1659506
"Тульская область",2004,3988.9,1673.1,"Центральный федеральный округ",54.2,185,1640500
"Тульская область",2005,4988.4,1849.2,"Центральный федеральный округ",54.2,185,1623486
"Тульская область",2006,6564.1,2236.3,"Центральный федеральный округ",54.2,185,1607666
"Тульская область",2007,8264.7,5131.3,"Центральный федеральный округ",54.2,185,1594048
"Тульская область",2008,11227,6214.8,"Центральный федеральный округ",54.2,185,1582152
"Тульская область",2009,13191,7250.9,"Центральный федеральный округ",54.2,185,1570500
"Тульская область",2010,15349.5,6998.6,"Центральный федеральный округ",54.2,185,1557492
"Тульская область",2011,16975,7735.2,"Центральный федеральный округ",54.2,185,1550237
"Тульская область",2012,19291.1,8397,"Центральный федеральный округ",54.2,185,1546893
"Тюменская область",2000,4934.5,5447.5,"Уральский федеральный округ",57.15,2150,3226298
"Тюменская область",2001,7108.8,15755.1,"Уральский федеральный округ",57.15,2150,3242881
"Тюменская область",2002,8558.5,19484.3,"Уральский федеральный округ",57.15,2150,3260674
"Тюменская область",2003,10555.5,19696.9,"Уральский федеральный округ",57.15,2150,3275759
"Тюменская область",2004,12190.7,19411.8,"Уральский федеральный округ",57.15,2150,3284996
"Тюменская область",2005,14982.8,20936.8,"Уральский федеральный округ",57.15,2150,3291083
"Тюменская область",2006,18813.4,24180.1,"Уральский федеральный округ",57.15,2150,3300264
"Тюменская область",2007,22794.5,35996.9,"Уральский федеральный округ",57.15,2150,3318652
"Тюменская область",2008,27984.1,46368.3,"Уральский федеральный округ",57.15,2150,3341150
"Тюменская область",2009,27719,43646.3,"Уральский федеральный округ",57.15,2150,3365244
"Тюменская область",2010,28756.7,36213.6,"Уральский федеральный округ",57.15,2150,3392030
"Тюменская область",2011,30705.8,69753.7,"Уральский федеральный округ",57.15,2150,3433198
"Тюменская область",2012,33280.7,63263.2,"Уральский федеральный округ",57.15,2150,3487579
"Удмуртская Респуб...",2000,1513.7,280.6,"Приволжский федеральный округ",56.85,1130,1591821
"Удмуртская Респуб...",2001,2024.7,1395,"Приволжский федеральный округ",56.85,1130,1583134
"Удмуртская Респуб...",2002,2533,1240.9,"Приволжский федеральный округ",56.85,1130,1573173
"Удмуртская Респуб...",2003,3098.1,1480.7,"Приволжский федеральный округ",56.85,1130,1564634
"Удмуртская Респуб...",2004,3684.8,1820.5,"Приволжский федеральный округ",56.85,1130,1557691
"Удмуртская Респуб...",2005,4656.9,4765.5,"Приволжский федеральный округ",56.85,1130,1550055
"Удмуртская Респуб...",2006,6262,4752.2,"Приволжский федеральный округ",56.85,1130,1542211
"Удмуртская Респуб...",2007,7823.8,7102.5,"Приволжский федеральный округ",56.85,1130,1535774
"Удмуртская Респуб...",2008,9586.6,7660.4,"Приволжский федеральный округ",56.85,1130,1530591
"Удмуртская Респуб...",2009,11060,8023.8,"Приволжский федеральный округ",56.85,1130,1526676
"Удмуртская Респуб...",2010,12983.6,9998.2,"Приволжский федеральный округ",56.85,1130,1522753
"Удмуртская Респуб...",2011,14452.3,10422.9,"Приволжский федеральный округ",56.85,1130,1517591
"Удмуртская Респуб...",2012,16411,11198,"Приволжский федеральный округ",56.85,1130,1512904
"Ульяновская область",2000,1276.6,381.7,"Приволжский федеральный округ",54.32,880,1420483
"Ульяновская область",2001,1717.1,999.5,"Приволжский федеральный округ",54.32,880,1404731
"Ульяновская область",2002,2378.9,977.8,"Приволжский федеральный округ",54.32,880,1387411
"Ульяновская область",2003,3063.1,1157.4,"Приволжский федеральный округ",54.32,880,1372904
"Ульяновская область",2004,3668.5,1385,"Приволжский федеральный округ",54.32,880,1360730
"Ульяновская область",2005,4575.9,2828.5,"Приволжский федеральный округ",54.32,880,1347458
"Ульяновская область",2006,6137.1,3367.3,"Приволжский федеральный округ",54.32,880,1333125
"Ульяновская область",2007,7761.7,8260.6,"Приволжский федеральный округ",54.32,880,1321064
"Ульяновская область",2008,9727.8,11003.6,"Приволжский федеральный округ",54.32,880,1312455
"Ульяновская область",2009,10762.7,9509.7,"Приволжский федеральный округ",54.32,880,1305191
"Ульяновская область",2010,13132.4,9193,"Приволжский федеральный округ",54.32,880,1296084
"Ульяновская область",2011,14312.1,14387.6,"Приволжский федеральный округ",54.32,880,1285635
"Ульяновская область",2012,16350.6,10185.6,"Приволжский федеральный округ",54.32,880,1276437
"Усть-Ордынский Бу...",2000,634.6,6.5,"Сибирский федеральный округ",52.8,5100,134716
"Усть-Ордынский Бу...",2001,853,38.5,"Сибирский федеральный округ",52.8,5100,134977
"Усть-Ордынский Бу...",2002,1222.2,44.8,"Сибирский федеральный округ",52.8,5100,135125
"Хабаровский край",2000,2500.4,716,"Дальневосточный федеральный округ",48.48,8520,1466888
"Хабаровский край",2001,3395.8,928.7,"Дальневосточный федеральный округ",48.48,8520,1453039
"Хабаровский край",2002,4689.1,1259.2,"Дальневосточный федеральный округ",48.48,8520,1440207
"Хабаровский край",2003,6205.3,1939,"Дальневосточный федеральный округ",48.48,8520,1425233
"Хабаровский край",2004,7596.9,3034.1,"Дальневосточный федеральный округ",48.48,8520,1406512
"Хабаровский край",2005,9653.7,3750,"Дальневосточный федеральный округ",48.48,8520,1386530
"Хабаровский край",2006,12356.6,4393.4,"Дальневосточный федеральный округ",48.48,8520,1368077
"Хабаровский край",2007,15081,6460.2,"Дальневосточный федеральный округ",48.48,8520,1357371
"Хабаровский край",2008,16283.5,8283.5,"Дальневосточный федеральный округ",48.48,8520,1352985
"Хабаровский край",2009,19928.4,8710.7,"Дальневосточный федеральный округ",48.48,8520,1350176
"Хабаровский край",2010,22478.9,7687.1,"Дальневосточный федеральный округ",48.48,8520,1346057
"Хабаровский край",2011,23766.2,8493.5,"Дальневосточный федеральный округ",48.48,8520,1342228
"Хабаровский край",2012,25649.3,8825.7,"Дальневосточный федеральный округ",48.48,8520,1341017
"Ханты-Мансийский ...",2000,6627.5,3155.2,"Уральский федеральный округ",61,2780,1371569
"Ханты-Мансийский ...",2001,9594,10598.2,"Уральский федеральный округ",61,2780,1397665
"Ханты-Мансийский ...",2002,10846.3,11864.9,"Уральский федеральный округ",61,2780,1424793
"Ханты-Мансийский ...",2003,12892.1,11307.9,"Уральский федеральный округ",61,2780,1445635
"Ханты-Мансийский ...",2004,14971.6,11693.3,"Уральский федеральный округ",61,2780,1457868
"Ханты-Мансийский ...",2005,18114.6,11505.9,"Уральский федеральный округ",61,2780,1464993
"Ханты-Мансийский ...",2006,22481.9,6639.7,"Уральский федеральный округ",61,2780,1471490
"Ханты-Мансийский ...",2007,27357.9,19173.9,"Уральский федеральный округ",61,2780,1483214
"Ханты-Мансийский ...",2008,33197.3,22550.5,"Уральский федеральный округ",61,2780,1497780
"Ханты-Мансийский ...",2009,32196.7,23357.8,"Уральский федеральный округ",61,2780,1512771
"Ханты-Мансийский ...",2010,32385,15328.3,"Уральский федеральный округ",61,2780,1529178
"Ханты-Мансийский ...",2011,33926,19933.6,"Уральский федеральный округ",61,2780,1549651
"Ханты-Мансийский ...",2012,36088.1,23780.8,"Уральский федеральный округ",61,2780,1574065
"Челябинская область",2000,1968.6,1357.8,"Уральский федеральный округ",55.16,1780,3652039
"Челябинская область",2001,2500.2,3154.7,"Уральский федеральный округ",55.16,1780,3632686
"Челябинская область",2002,3108.3,3836.8,"Уральский федеральный округ",55.16,1780,3609540
"Челябинская область",2003,3998.1,5252.4,"Уральский федеральный округ",55.16,1780,3583471
"Челябинская область",2004,4819.8,5399.9,"Уральский федеральный округ",55.16,1780,3555535
"Челябинская область",2005,6553.5,8397.5,"Уральский федеральный округ",55.16,1780,3529224
"Челябинская область",2006,8655.2,10180.1,"Уральский федеральный округ",55.16,1780,3506822
"Челябинская область",2007,10699.6,22194.6,"Уральский федеральный округ",55.16,1780,3493037
"Челябинская область",2008,14120,35729.7,"Уральский федеральный округ",55.16,1780,3486951
"Челябинская область",2009,15215.1,26835.9,"Уральский федеральный округ",55.16,1780,3483314
"Челябинская область",2010,16821.1,18896.7,"Уральский федеральный округ",55.16,1780,3478726
"Челябинская область",2011,18459.9,18606.7,"Уральский федеральный округ",55.16,1780,3477985
"Челябинская область",2012,19762.5,22392.6,"Уральский федеральный округ",55.16,1780,3483032
"Чеченская Республика",2010,11982.4,14547.4,"Южный федеральный округ",43.31,1900,1262505
"Чеченская Республика",2011,14026.5,20323.1,"Южный федеральный округ",43.31,1900,1288757
"Чеченская Республика",2012,15256.9,15196.5,"Южный федеральный округ",43.31,1900,1313808
"Чувашская Республика",2000,1139.9,509.7,"Приволжский федеральный округ",56.13,660,1330988
"Чувашская Республика",2001,1553.3,1938.9,"Приволжский федеральный округ",56.13,660,1323622
"Чувашская Республика",2002,2069.9,2040.9,"Приволжский федеральный округ",56.13,660,1315615
"Чувашская Республика",2003,2749.2,2777.8,"Приволжский федеральный округ",56.13,660,1306685
"Чувашская Республика",2004,3188.4,4201.4,"Приволжский федеральный округ",56.13,660,1296348
"Чувашская Республика",2005,3958.5,5331.4,"Приволжский федеральный округ",56.13,660,1284984
"Чувашская Республика",2006,5448.8,6748.9,"Приволжский федеральный округ",56.13,660,1273758
"Чувашская Республика",2007,6848.7,9409.1,"Приволжский федеральный округ",56.13,660,1265815
"Чувашская Республика",2008,8732.2,13104.4,"Приволжский федеральный округ",56.13,660,1260627
"Чувашская Республика",2009,9586.3,11025.3,"Приволжский федеральный округ",56.13,660,1257045
"Чувашская Республика",2010,11065.8,13765.7,"Приволжский федеральный округ",56.13,660,1253185
"Чувашская Республика",2011,12083,15171.4,"Приволжский федеральный округ",56.13,660,1247995
"Чувашская Республика",2012,13754.9,16092.9,"Приволжский федеральный округ",56.13,660,1242977
"Чукотский авт.округ",2000,4731.9,20.8,"Дальневосточный федеральный округ",64.73,14900,59588
"Чукотский авт.округ",2001,7951.9,195.8,"Дальневосточный федеральный округ",64.73,14900,56439
"Чукотский авт.округ",2002,11313.2,520,"Дальневосточный федеральный округ",64.73,14900,54229
"Чукотский авт.округ",2003,13663.9,1398.8,"Дальневосточный федеральный округ",64.73,14900,52535
"Чукотский авт.округ",2004,15041.8,1499.9,"Дальневосточный федеральный округ",64.73,14900,51874
"Чукотский авт.округ",2005,19668.9,1023.3,"Дальневосточный федеральный округ",64.73,14900,52103
"Чукотский авт.округ",2006,23326.1,539.7,"Дальневосточный федеральный округ",64.73,14900,52652
"Чукотский авт.округ",2007,26557.3,928.2,"Дальневосточный федеральный округ",64.73,14900,52869
"Чукотский авт.округ",2008,30554.3,399.1,"Дальневосточный федеральный округ",64.73,14900,52482
"Чукотский авт.округ",2009,33607.2,250.3,"Дальневосточный федеральный округ",64.73,14900,51658
"Чукотский авт.округ",2010,38146.8,205.8,"Дальневосточный федеральный округ",64.73,14900,50763
"Чукотский авт.округ",2011,43049.4,204,"Дальневосточный федеральный округ",64.73,14900,50542
"Чукотский авт.округ",2012,47856.7,3293.2,"Дальневосточный федеральный округ",64.73,14900,50542
"Эвенкийский авт.о...",2000,2043.9,0.5,"Сибирский федеральный округ",64.22,4400,18255
"Эвенкийский авт.о...",2001,3366.6,9.9,"Сибирский федеральный округ",64.22,4400,17895
"Эвенкийский авт.о...",2002,4952.2,1.3,"Сибирский федеральный округ",64.22,4400,17710
"Ямало-Ненецкий ав...",2000,7562.6,1252.4,"Уральский федеральный округ",66.53,3150,497288
"Ямало-Ненецкий ав...",2001,10732.8,2353.8,"Уральский федеральный округ",66.53,3150,500689
"Ямало-Ненецкий ав...",2002,13298.1,4369.7,"Уральский федеральный округ",66.53,3150,505869
"Ямало-Ненецкий ав...",2003,15962.2,4819,"Уральский федеральный округ",66.53,3150,509722
"Ямало-Ненецкий ав...",2004,18868.1,3802,"Уральский федеральный округ",66.53,3150,512713
"Ямало-Ненецкий ав...",2005,22230.7,4562.1,"Уральский федеральный округ",66.53,3150,515982
"Ямало-Ненецкий ав...",2006,27665,5156.8,"Уральский федеральный округ",66.53,3150,519502
"Ямало-Ненецкий ав...",2007,32589.9,6100.1,"Уральский федеральный округ",66.53,3150,522816
"Ямало-Ненецкий ав...",2008,39568.6,7447.8,"Уральский федеральный округ",66.53,3150,523488
"Ямало-Ненецкий ав...",2009,40196.3,6046.8,"Уральский федеральный округ",66.53,3150,523553
"Ямало-Ненецкий ав...",2010,43367.1,4317.5,"Уральский федеральный округ",66.53,3150,524533
"Ямало-Ненецкий ав...",2011,46784.5,5529.3,"Уральский федеральный округ",66.53,3150,528902
"Ямало-Ненецкий ав...",2012,52342.3,4857.1,"Уральский федеральный округ",66.53,3150,533494
"Ярославская область",2000,1804.2,550.4,"Центральный федеральный округ",57.63,282,1399921
"Ярославская область",2001,2518.2,792.4,"Центральный федеральный округ",57.63,282,1386074
"Ярославская область",2002,3354.2,978.3,"Центральный федеральный округ",57.63,282,1371396
"Ярославская область",2003,4266.6,1272.1,"Центральный федеральный округ",57.63,282,1355714
"Ярославская область",2004,5094.6,1705.2,"Центральный федеральный округ",57.63,282,1338427
"Ярославская область",2005,6320.7,2309,"Центральный федеральный округ",57.63,282,1321306
"Ярославская область",2006,8263.5,2380.8,"Центральный федеральный округ",57.63,282,1306389
"Ярославская область",2007,10101.3,4258.7,"Центральный федеральный округ",57.63,282,1296250
"Ярославская область",2008,12815.8,5896.4,"Центральный федеральный округ",57.63,282,1289329
"Ярославская область",2009,13424.6,6199.5,"Центральный федеральный округ",57.63,282,1283105
"Ярославская область",2010,14490.6,7186.3,"Центральный федеральный округ",57.63,282,1275547
"Ярославская область",2011,15508.9,8723.6,"Центральный федеральный округ",57.63,282,1270070
"Ярославская область",2012,18512.5,11504.8,"Центральный федеральный округ",57.63,282,1268463
