"Год","Регион","salary","invest"
2000,"Алтайский край",1224.2,426.5
2000,"Амурская область",1825.2,214
2000,"Ненецкий авт.округ",3426.3,30.4
2000,"Астраханская область",1778.6,374.2
2000,"Белгородская область",1554.5,915.2
2000,"Брянская область",1312.1,404.7
2000,"Владимирская область",1279.6,413.9
2000,"Волгоградская обл...",1577.6,469
2000,"Вологодская область",2022.8,423.5
2000,"Воронежская область",1486.5,906.5
2000,"Нижегородская обл...",1717.9,1204.7
2000,"Ивановская область",1037.6,143.5
2000,"Иркутская область",2374.2,696
2000,"Усть-Ордынский Бу...",634.6,6.5
2000,"Республика Ингушетия",587.2,64.2
2000,"Калининградская о...",1843.3,109.6
2000,"Тверская область",1253.7,623.1
2000,"Калужская область",1311.3,362.2
2000,"Краснодарский край",1563.4,771.4
2000,"Камчатский край",3452.4,96.7
2000,"Корякский авт.округ",4508,2.8
2000,"Кемеровская область",2275.5,785.3
2000,"Кировская область",1359.3,385.9
2000,"Костромская область",1438.9,442.1
2000,"Самарская область",2605.2,1236.8
2000,"Курганская область",1341.6,108.8
2000,"Курская область",1464.9,335.9
2000,"Красноярский край",2773.3,1513.2
2000,"г.Санкт-Петербург",2555.6,2290.6
2000,"Таймырский (Долга...",4741.6,93.6
2000,"Ленинградская обл...",1354.9,330.6
2000,"Эвенкийский авт.о...",2043.9,0.5
2000,"Липецкая область",1772,539.1
2000,"Магаданская область",3724.5,16.4
2000,"г.Москва",7998.3,31006.1
2000,"Московская область",1823.9,3536.9
2000,"Мурманская область",3550.1,56.5
2000,"Новгородская область",1807.5,147.3
2000,"Приморский край",1799.8,713.5
2000,"Новосибирская обл...",1608.3,842.4
2000,"Омская область",1582.1,259.6
2000,"Оренбургская область",1451.4,887.1
2000,"Орловская область",1414.5,214.4
2000,"Пензенская область",1259.9,340.1
2000,"Пермский край",2401,742.4
2000,"Коми-Пермяцкий ав...",871,6.1
2000,"Псковская область",1374.8,214.1
2000,"Ростовская область",1653.3,794.5
2000,"Рязанская область",1265.2,168
2000,"Саратовская область",1540.1,605.6
2000,"Сахалинская область",2792.8,857.6
2000,"Свердловская область",2139.7,1864
2000,"Смоленская область",1720.2,400.4
2000,"Тамбовская область",1508.6,201.4
2000,"Томская область",2070.2,292.7
2000,"Ставропольский край",1405,422.2
2000,"Тульская область",1486,428.6
2000,"Тюменская область",4934.5,5447.5
2000,"Ханты-Мансийский ...",6627.5,3155.2
2000,"Ямало-Ненецкий ав...",7562.6,1252.4
2000,"Ульяновская область",1276.6,381.7
2000,"Челябинская область",1968.6,1357.8
2000,"Забайкальский край",1405.7,215.9
2000,"Агинский Бурятски...",995.1,0.1
2000,"Чукотский авт.округ",4731.9,20.8
2000,"Ярославская область",1804.2,550.4
2000,"Республика Адыгея",1385.3,57.9
2000,"Хабаровский край",2500.4,716
2000,"Республика Башкор...",1736.3,2252.6
2000,"Республика Бурятия",1639,108.5
2000,"Республика Дагестан",861.3,160.5
2000,"Кабардино-Балкарс...",1057.1,137.3
2000,"Республика Алтай",1182,24.7
2000,"Республика Калмыкия",979,6.1
2000,"Республика Карелия",2313.2,140.4
2000,"Республика Коми",3140.8,401.1
2000,"Республика Марий Эл",1067.8,268.9
2000,"Республика Мордовия",1128.4,236.8
2000,"Республика Северн...",1472.8,125.3
2000,"Карачаево-Черкесс...",1039.5,14.7
2000,"Республика Татарстан",1813.1,3809.9
2000,"Республика Тыва",1167.6,38.1
2000,"Удмуртская Респуб...",1513.7,280.6
2000,"Республика Хакасия",1904.1,73.2
2000,"Чувашская Республика",1139.9,509.7
2000,"Республика Саха (...",3967.7,1031.4
2000,"Еврейская автоном...",1488.8,25.1
2001,"Алтайский край",1690.7,1208.3
2001,"Амурская область",2313,601.9
2001,"Ненецкий авт.округ",5887.6,33.8
2001,"Астраханская область",2333.3,2791.3
2001,"Белгородская область",2121.4,2098.8
2001,"Брянская область",1818.3,789.8
2001,"Владимирская область",1665.9,959.1
2001,"Волгоградская обл...",2163,1212.6
2001,"Вологодская область",2719,726.3
2001,"Воронежская область",2039.7,2044.2
2001,"Нижегородская обл...",2406.6,2591.5
2001,"Ивановская область",1297.8,393.5
2001,"Иркутская область",2879.5,1846.7
2001,"Усть-Ордынский Бу...",853,38.5
2001,"Республика Ингушетия",908.5,231.7
2001,"Калининградская о...",2339.6,538.8
2001,"Тверская область",1689.6,1878.8
2001,"Калужская область",1782.1,896.4
2001,"Краснодарский край",2124.6,6440
2001,"Камчатский край",4559.1,359.4
2001,"Корякский авт.округ",5427.9,0.4
2001,"Кемеровская область",3086.5,1776.7
2001,"Кировская область",1830.6,773.7
2001,"Костромская область",1904.5,922.1
2001,"Самарская область",3262.6,2591.1
2001,"Курганская область",1784.8,336
2001,"Курская область",1979.9,725.8
2001,"Красноярский край",3571.8,2844
2001,"г.Санкт-Петербург",3425.8,4289
2001,"Таймырский (Долга...",7610.6,9.1
2001,"Ленинградская обл...",1868.7,3948.7
2001,"Эвенкийский авт.о...",3366.6,9.9
2001,"Липецкая область",2261.2,1333.2
2001,"Магаданская область",5069.3,53.4
2001,"г.Москва",10282,28510.3
2001,"Московская область",2626.4,11961
2001,"Мурманская область",4620.2,37.5
2001,"Новгородская область",2407.7,568
2001,"Приморский край",2367.2,1300
2001,"Новосибирская обл...",2140.3,1811.5
2001,"Омская область",2341.4,712.4
2001,"Оренбургская область",1927.4,2051.9
2001,"Орловская область",1963.2,1178.5
2001,"Пензенская область",1708.3,870.3
2001,"Пермский край",3253.9,2177.7
2001,"Коми-Пермяцкий ав...",1156.7,24.4
2001,"Псковская область",1847.7,454.8
2001,"Ростовская область",2270.6,3649.9
2001,"Рязанская область",1852.8,933
2001,"Саратовская область",2035.2,1714.9
2001,"Сахалинская область",3872.4,800.7
2001,"Свердловская область",2994.2,3397.6
2001,"Смоленская область",2336.4,1067.4
2001,"Тамбовская область",2072,770.9
2001,"Томская область",2851.3,593.2
2001,"Ставропольский край",1766.5,2577.6
2001,"Тульская область",2015.1,777.2
2001,"Тюменская область",7108.8,15755.1
2001,"Ханты-Мансийский ...",9594,10598.2
2001,"Ямало-Ненецкий ав...",10732.8,2353.8
2001,"Ульяновская область",1717.1,999.5
2001,"Челябинская область",2500.2,3154.7
2001,"Забайкальский край",2011.5,563.6
2001,"Агинский Бурятски...",1502.7,30.4
2001,"Чукотский авт.округ",7951.9,195.8
2001,"Ярославская область",2518.2,792.4
2001,"Республика Адыгея",1642.5,357.1
2001,"Хабаровский край",3395.8,928.7
2001,"Республика Башкор...",2400.2,7696.4
2001,"Республика Бурятия",2262.4,645.6
2001,"Республика Дагестан",1141.2,3415
2001,"Кабардино-Балкарс...",1465.7,1680.5
2001,"Республика Алтай",1620,30.9
2001,"Республика Калмыкия",1545.5,271.5
2001,"Республика Карелия",2930.8,570.4
2001,"Республика Коми",4862.1,871.5
2001,"Республика Марий Эл",1387.6,509.2
2001,"Республика Мордовия",1570.2,829.9
2001,"Республика Северн...",1632.2,728.5
2001,"Карачаево-Черкесс...",1341.7,281
2001,"Республика Татарстан",2471.8,6910.7
2001,"Республика Тыва",1638.3,83
2001,"Удмуртская Респуб...",2024.7,1395
2001,"Республика Хакасия",2475.5,520.3
2001,"Чувашская Республика",1553.3,1938.9
2001,"Республика Саха (...",5009.9,3536.1
2001,"Еврейская автоном...",2028.9,58.4
2002,"Алтайский край",2194.2,1465.1
2002,"Амурская область",2874.6,928.5
2002,"Ненецкий авт.округ",8621.1,179.3
2002,"Астраханская область",3058,3249
2002,"Белгородская область",2762.3,1876
2002,"Брянская область",2452.4,753.5
2002,"Владимирская область",2158,1166
2002,"Волгоградская обл...",2952.1,1705.7
2002,"Вологодская область",3481.3,789.4
2002,"Воронежская область",2597.4,3067.6
2002,"Нижегородская обл...",3214.6,3543.9
2002,"Ивановская область",1778.4,398.8
2002,"Иркутская область",3609.9,1720.8
2002,"Усть-Ордынский Бу...",1222.2,44.8
2002,"Республика Ингушетия",1170.7,90.9
2002,"Калининградская о...",2716.1,823
2002,"Тверская область",2349.2,2086.4
2002,"Калужская область",2503.3,1008.3
2002,"Краснодарский край",2856.8,7696.7
2002,"Камчатский край",5915.6,286.1
2002,"Корякский авт.округ",6921.2,0.3
2002,"Кемеровская область",3993.6,1969.5
2002,"Кировская область",2517.4,711.3
2002,"Костромская область",2515.7,540
2002,"Самарская область",4270.3,3997.7
2002,"Курганская область",2419.3,342.9
2002,"Курская область",2698.5,1048.8
2002,"Красноярский край",4346.1,3522.1
2002,"г.Санкт-Петербург",4514.4,6061.2
2002,"Таймырский (Долга...",8460.9,81.7
2002,"Ленинградская обл...",2417.5,4219
2002,"Эвенкийский авт.о...",4952.2,1.3
2002,"Липецкая область",2776.2,1622
2002,"Магаданская область",6748.5,34.3
2002,"г.Москва",12460.8,44192.6
2002,"Московская область",3546,21389.3
2002,"Мурманская область",5892.5,52.9
2002,"Новгородская область",3008.5,591.7
2002,"Приморский край",3122.4,1440.8
2002,"Новосибирская обл...",2933,2067.1
2002,"Омская область",3221.8,1107.2
2002,"Оренбургская область",2481.8,2305.8
2002,"Орловская область",2614.4,1085.3
2002,"Пензенская область",2221.4,1170.6
2002,"Пермский край",4129.5,2716.8
2002,"Коми-Пермяцкий ав...",1591.2,37.2
2002,"Псковская область",2735,551.1
2002,"Ростовская область",3025.7,4204.1
2002,"Рязанская область",2530.9,891
2002,"Саратовская область",2620.7,2030.2
2002,"Сахалинская область",5522.8,734.9
2002,"Свердловская область",3954.1,4463.4
2002,"Смоленская область",3003.5,1272.5
2002,"Тамбовская область",2688.3,1317.1
2002,"Томская область",3954.3,647.1
2002,"Ставропольский край",2335.2,3034.7
2002,"Тульская область",2619.8,1350.3
2002,"Тюменская область",8558.5,19484.3
2002,"Ханты-Мансийский ...",10846.3,11864.9
2002,"Ямало-Ненецкий ав...",13298.1,4369.7
2002,"Ульяновская область",2378.9,977.8
2002,"Челябинская область",3108.3,3836.8
2002,"Забайкальский край",2993.1,681.3
2002,"Агинский Бурятски...",2345.9,22.5
2002,"Чукотский авт.округ",11313.2,520
2002,"Ярославская область",3354.2,978.3
2002,"Республика Адыгея",2166.9,649
2002,"Хабаровский край",4689.1,1259.2
2002,"Республика Башкор...",3133.8,7492.6
2002,"Республика Бурятия",3141.2,853.1
2002,"Республика Дагестан",1534,1836.2
2002,"Кабардино-Балкарс...",2095,1893.5
2002,"Республика Алтай",2354.6,55.3
2002,"Республика Калмыкия",1763,175.4
2002,"Республика Карелия",4061,488.6
2002,"Республика Коми",6225,899.2
2002,"Республика Марий Эл",1813.1,601.3
2002,"Республика Мордовия",2124.1,826.3
2002,"Республика Северн...",1961,651.3
2002,"Карачаево-Черкесс...",1999.4,243.2
2002,"Республика Татарстан",3249.4,7556.3
2002,"Республика Тыва",2402.1,147.8
2002,"Удмуртская Респуб...",2533,1240.9
2002,"Республика Хакасия",3143.7,470.3
2002,"Чувашская Республика",2069.9,2040.9
2002,"Республика Саха (...",6348.2,2800.8
2002,"Еврейская автоном...",3081,86.5
2003,"Алтайский край",2894.5,1979.2
2003,"Амурская область",3852.4,1086.8
2003,"Ненецкий авт.округ",14197.2,218.2
2003,"Астраханская область",3864.1,4439
2003,"Белгородская область",3357.4,2092.4
2003,"Брянская область",3134.6,1069.9
2003,"Владимирская область",2842,1377.3
2003,"Волгоградская обл...",3802.9,1974.4
2003,"Вологодская область",4411.8,1126.8
2003,"Воронежская область",3391.2,4128.8
2003,"Нижегородская обл...",4000.1,4629.6
2003,"Ивановская область",2293.1,825.6
2003,"Иркутская область",4549.6,2212
2003,"Усть-Ордынский Бу...",1490.8,11.1
2003,"Республика Ингушетия",1402.2,139.2
2003,"Калининградская о...",3807.1,1128
2003,"Тверская область",3020.6,2989.7
2003,"Калужская область",3339.8,1486
2003,"Краснодарский край",3662.2,11445.8
2003,"Камчатский край",7100.8,217.3
2003,"Корякский авт.округ",7884.9,0.2
2003,"Кемеровская область",4906.6,2459.1
2003,"Кировская область",3093.6,874
2003,"Костромская область",3089.2,509.4
2003,"Самарская область",5788.1,4452.1
2003,"Курганская область",2867.2,556.5
2003,"Курская область",3371.4,1068.7
2003,"Красноярский край",5508.8,3542.4
2003,"г.Санкт-Петербург",6851.2,5843.3
2003,"Таймырский (Долга...",10236.3,51.7
2003,"Ленинградская обл...",3052.3,4984.6
2003,"Эвенкийский авт.о...",6646.2,5.6
2003,"Липецкая область",3563.2,3060.1
2003,"Магаданская область",8184.6,60.4
2003,"г.Москва",16826.6,54367.9
2003,"Московская область",4425,27542.7
2003,"Мурманская область",7134.7,39.6
2003,"Новгородская область",3715.4,860.3
2003,"Приморский край",4246.2,1993.4
2003,"Новосибирская обл...",3892.9,2553.5
2003,"Омская область",4512.5,2862.6
2003,"Оренбургская область",3135.1,2901.7
2003,"Орловская область",3225.3,2008.7
2003,"Пензенская область",2764.9,1536.8
2003,"Пермский край",5257.3,2792.7
2003,"Коми-Пермяцкий ав...",1922.5,67.7
2003,"Псковская область",3555.7,696.6
2003,"Ростовская область",4023.9,7581.5
2003,"Рязанская область",3309.1,1100.8
2003,"Саратовская область",3337.1,3099.2
2003,"Сахалинская область",7676,1523.9
2003,"Свердловская область",5278,5646.8
2003,"Смоленская область",3723.9,1841.8
2003,"Тамбовская область",3416.2,2175.2
2003,"Томская область",5407.3,979.2
2003,"Ставропольский край",3071.8,3323.4
2003,"Тульская область",3382.6,1523.3
2003,"Тюменская область",10555.5,19696.9
2003,"Ханты-Мансийский ...",12892.1,11307.9
2003,"Ямало-Ненецкий ав...",15962.2,4819
2003,"Ульяновская область",3063.1,1157.4
2003,"Челябинская область",3998.1,5252.4
2003,"Забайкальский край",4015.7,1003.3
2003,"Агинский Бурятски...",3236.7,76.8
2003,"Чукотский авт.округ",13663.9,1398.8
2003,"Ярославская область",4266.6,1272.1
2003,"Республика Адыгея",2548.9,447
2003,"Хабаровский край",6205.3,1939
2003,"Республика Башкор...",4153.1,8716.3
2003,"Республика Бурятия",3857.4,734.1
2003,"Республика Дагестан",2125,3539.9
2003,"Кабардино-Балкарс...",2571.4,1624.3
2003,"Республика Алтай",2876.4,105.2
2003,"Республика Калмыкия",2100.2,234
2003,"Республика Карелия",4937,748.6
2003,"Республика Коми",7476.7,970.3
2003,"Республика Марий Эл",2189,1036.8
2003,"Республика Мордовия",2719.9,1033
2003,"Республика Северн...",2596,673.1
2003,"Карачаево-Черкесс...",2619.2,464
2003,"Республика Татарстан",4273.1,13084.1
2003,"Республика Тыва",2872.9,187.4
2003,"Удмуртская Респуб...",3098.1,1480.7
2003,"Республика Хакасия",3765,590.2
2003,"Чувашская Республика",2749.2,2777.8
2003,"Республика Саха (...",8239.7,2863.2
2003,"Еврейская автоном...",4062.4,74.6
2004,"Алтайский край",3495.7,2369.7
2004,"Амурская область",4695.3,1200.1
2004,"Ненецкий авт.округ",20122.2,603.7
2004,"Астраханская область",4559.4,5460.4
2004,"Белгородская область",4070.2,2813.2
2004,"Брянская область",3720.4,1306.9
2004,"Владимирская область",3381.6,1715.6
2004,"Волгоградская обл...",4648.2,2526.2
2004,"Вологодская область",5246.4,1709.1
2004,"Воронежская область",4143,4716.9
2004,"Нижегородская обл...",4793.7,6045
2004,"Ивановская область",2858.8,879.7
2004,"Иркутская область",5418.6,2602.1
2004,"Усть-Ордынский Бу...",1800.4,27.5
2004,"Республика Ингушетия",1757.5,114.7
2004,"Калининградская о...",4692.5,1285.6
2004,"Тверская область",3955.8,3561.9
2004,"Калужская область",4181.4,1679.3
2004,"Краснодарский край",4378.9,13256.9
2004,"Камчатский край",8343,316.7
2004,"Корякский авт.округ",10010.3,0.2
2004,"Кемеровская область",6161.6,3905.1
2004,"Кировская область",3757.9,1208.8
2004,"Костромская область",3815.5,549.6
2004,"Самарская область",7176.6,5095.6
2004,"Курганская область",3853.9,541.5
2004,"Курская область",4233,1449.2
2004,"Красноярский край",6407.7,3802.8
2004,"г.Санкт-Петербург",9175.7,10280.3
2004,"Таймырский (Долга...",11255.1,1.8
2004,"Ленинградская обл...",4455.1,5876.2
2004,"Эвенкийский авт.о...",8385.3,57.9
2004,"Липецкая область",4430.5,3321.6
2004,"Магаданская область",9485.9,35.5
2004,"г.Москва",20899.1,69669.3
2004,"Московская область",5821.1,38652.9
2004,"Мурманская область",8366.5,61.7
2004,"Новгородская область",4363.3,1064.7
2004,"Приморский край",5405,2470.3
2004,"Новосибирская обл...",4968.7,2884.6
2004,"Омская область",5427.1,3642.2
2004,"Оренбургская область",3872.9,3318.5
2004,"Орловская область",3879,2687.5
2004,"Пензенская область",3421,1916.8
2004,"Пермский край",6371.5,3066.2
2004,"Коми-Пермяцкий ав...",2309.3,48.9
2004,"Псковская область",4293.6,818.8
2004,"Ростовская область",5038.1,9794.3
2004,"Рязанская область",3638.8,1224.7
2004,"Саратовская область",3995,2397.1
2004,"Сахалинская область",9488.3,1176
2004,"Свердловская область",6743.3,7744.5
2004,"Смоленская область",4429,1647.5
2004,"Тамбовская область",4050.9,2758.3
2004,"Томская область",6472.7,1273.5
2004,"Ставропольский край",3886.1,4393.4
2004,"Тульская область",3988.9,1673.1
2004,"Тюменская область",12190.7,19411.8
2004,"Ханты-Мансийский ...",14971.6,11693.3
2004,"Ямало-Ненецкий ав...",18868.1,3802
2004,"Ульяновская область",3668.5,1385
2004,"Челябинская область",4819.8,5399.9
2004,"Забайкальский край",4799.7,1168.2
2004,"Агинский Бурятски...",4182.7,126.2
2004,"Чукотский авт.округ",15041.8,1499.9
2004,"Ярославская область",5094.6,1705.2
2004,"Республика Адыгея",3080.3,353.9
2004,"Хабаровский край",7596.9,3034.1
2004,"Республика Башкор...",5156.6,10811.5
2004,"Республика Бурятия",4671.9,655.7
2004,"Республика Дагестан",3311.2,4023.6
2004,"Кабардино-Балкарс...",3159.9,1860.9
2004,"Республика Алтай",3419.4,339.3
2004,"Республика Калмыкия",2312.1,227.2
2004,"Республика Карелия",5809.2,1072.9
2004,"Республика Коми",9300.6,1258.2
2004,"Республика Марий Эл",2566.6,1172.1
2004,"Республика Мордовия",3266.3,1015.4
2004,"Республика Северн...",4085.8,688.5
2004,"Карачаево-Черкесс...",3343.7,350.4
2004,"Республика Татарстан",5355,17758.1
2004,"Республика Тыва",3384.9,119.3
2004,"Удмуртская Респуб...",3684.8,1820.5
2004,"Республика Хакасия",4440.9,671.4
2004,"Чувашская Республика",3188.4,4201.4
2004,"Республика Саха (...",9633.2,2624.4
2004,"Еврейская автоном...",4974.7,93.4
2005,"Алтайский край",4639.7,3342.9
2005,"Амурская область",5987.7,1753.6
2005,"Ненецкий авт.округ",21501.8,824.5
2005,"Астраханская область",5636.4,6502.7
2005,"Белгородская область",5275.8,3305.4
2005,"Брянская область",4787.7,1574.2
2005,"Владимирская область",4107.5,1730.9
2005,"Волгоградская обл...",5908.1,3420.8
2005,"Вологодская область",6344.9,2052.3
2005,"Воронежская область",5398,5923.2
2005,"Нижегородская обл...",6056.9,8294.5
2005,"Ивановская область",3480.3,1282.7
2005,"Иркутская область",7119.5,3324
2005,"Усть-Ордынский Бу...",2220.3,29.1
2005,"Республика Ингушетия",2737.3,239.6
2005,"Калининградская о...",6481.1,1964.4
2005,"Тверская область",5606.1,3666.5
2005,"Калужская область",5343.4,3531.7
2005,"Краснодарский край",5545.2,23269.2
2005,"Камчатский край",11167.2,225.6
2005,"Корякский авт.округ",12907.5,0.2
2005,"Кемеровская область",7888.6,6622.8
2005,"Кировская область",4644.3,1865.2
2005,"Костромская область",4985.4,922
2005,"Самарская область",9264.1,7050
2005,"Курганская область",4799.9,878
2005,"Курская область",5217.8,2647.9
2005,"Красноярский край",7790.2,6505
2005,"г.Санкт-Петербург",12263.7,11335.8
2005,"Таймырский (Долга...",12168.1,14.6
2005,"Ленинградская обл...",5686.5,7412.1
2005,"Эвенкийский авт.о...",10361.3,194.1
2005,"Липецкая область",5591.2,4732.5
2005,"Магаданская область",11166.7,181.3
2005,"г.Москва",24013.9,77984.1
2005,"Московская область",7444.8,40503
2005,"Мурманская область",10624.1,242.7
2005,"Новгородская область",5475.6,1848.7
2005,"Приморский край",7162.9,4721.5
2005,"Новосибирская обл...",6638.8,3395.9
2005,"Омская область",6969.1,8563.5
2005,"Оренбургская область",5122.3,4571.5
2005,"Орловская область",4856.5,3793.7
2005,"Пензенская область",4354.7,3399.9
2005,"Пермский край",8273.2,4218.7
2005,"Псковская область",4926.8,632.9
2005,"Ростовская область",6359.7,11711
2005,"Рязанская область",4775.1,1528.5
2005,"Саратовская область",5056,3795
2005,"Сахалинская область",12639.5,709.4
2005,"Свердловская область",9021.7,9045.4
2005,"Смоленская область",5482.7,1813.1
2005,"Тамбовская область",5292.4,3791.8
2005,"Томская область",8141.6,1490.2
2005,"Ставропольский край",5116.5,5952.1
2005,"Тульская область",4988.4,1849.2
2005,"Тюменская область",14982.8,20936.8
2005,"Ханты-Мансийский ...",18114.6,11505.9
2005,"Ямало-Ненецкий ав...",22230.7,4562.1
2005,"Ульяновская область",4575.9,2828.5
2005,"Челябинская область",6553.5,8397.5
2005,"Забайкальский край",5907.6,1489
2005,"Агинский Бурятски...",5043.3,166.8
2005,"Чукотский авт.округ",19668.9,1023.3
2005,"Ярославская область",6320.7,2309
2005,"Республика Адыгея",3892.9,648.9
2005,"Хабаровский край",9653.7,3750
2005,"Республика Башкор...",6886.5,16224.7
2005,"Республика Бурятия",6026.9,1235.4
2005,"Республика Дагестан",4388.5,5877.9
2005,"Кабардино-Балкарс...",4190.1,2019.4
2005,"Республика Алтай",4380.9,314.5
2005,"Республика Калмыкия",2391.9,217.5
2005,"Республика Карелия",7277.8,1214.7
2005,"Республика Коми",11452.3,1927.7
2005,"Республика Марий Эл",3376,1675.2
2005,"Республика Мордовия",4102.9,1581.4
2005,"Республика Северн...",4668.8,929.3
2005,"Карачаево-Черкесс...",4083.8,867.4
2005,"Республика Татарстан",7383.5,18640.4
2005,"Республика Тыва",4161.5,127.9
2005,"Удмуртская Респуб...",4656.9,4765.5
2005,"Республика Хакасия",5176.5,1119.7
2005,"Чувашская Республика",3958.5,5331.4
2005,"Республика Саха (...",11349.9,4261.7
2005,"Еврейская автоном...",6405.7,142.5
2006,"Алтайский край",6369.1,4391.5
2006,"Амурская область",7419,2023.7
2006,"Ненецкий авт.округ",27276.5,1212
2006,"Астраханская область",7035,7374.2
2006,"Белгородская область",7082.8,5475.9
2006,"Брянская область",6171.1,1880.8
2006,"Владимирская область",5626.9,2214.8
2006,"Волгоградская обл...",7889.3,3704.2
2006,"Вологодская область",8681.9,3714.8
2006,"Воронежская область",6861.6,7332.3
2006,"Нижегородская обл...",8049,15110.3
2006,"Ивановская область",4456.9,2468
2006,"Иркутская область",8826.3,3715.9
2006,"Усть-Ордынский Бу...",3101.5,39.3
2006,"Республика Ингушетия",3568.8,447.1
2006,"Калининградская о...",8917.5,2722.6
2006,"Тверская область",7266.6,3981.2
2006,"Калужская область",6924.7,3877.5
2006,"Краснодарский край",7193.1,33546.3
2006,"Камчатский край",13811.9,275.1
2006,"Корякский авт.округ",15268.4,0.2
2006,"Кемеровская область",9565.8,9278.9
2006,"Кировская область",5885.6,2082.7
2006,"Костромская область",6397.5,810.5
2006,"Самарская область",11382.9,7554.3
2006,"Курганская область",6676.8,1103.4
2006,"Курская область",6751,3046.1
2006,"Красноярский край",9784,11328.9
2006,"г.Санкт-Петербург",13686.7,13091.3
2006,"Таймырский (Долга...",13797.5,1.3
2006,"Ленинградская обл...",8055.4,17239.7
2006,"Эвенкийский авт.о...",12865.7,19.2
2006,"Липецкая область",7610.7,5890.7
2006,"Магаданская область",13858.3,237.2
2006,"г.Москва",28249.4,86833.7
2006,"Московская область",10515,47857.7
2006,"Мурманская область",13020.1,211
2006,"Новгородская область",7205.9,2481
2006,"Приморский край",9109.5,4627.3
2006,"Новосибирская обл...",8381.3,7617.6
2006,"Омская область",9084.3,9978.2
2006,"Оренбургская область",6326.3,6085.9
2006,"Орловская область",5972.3,3861.9
2006,"Пензенская область",5603.4,4735
2006,"Пермский край",11122,6646.9
2006,"Псковская область",6422.5,679.9
2006,"Ростовская область",7482.5,16689.9
2006,"Рязанская область",6133.4,1812.8
2006,"Саратовская область",6182,5803.9
2006,"Сахалинская область",16412.4,2608.1
2006,"Свердловская область",11167.6,17123.6
2006,"Смоленская область",6722.8,2751.6
2006,"Тамбовская область",6814.8,5198
2006,"Томская область",9992.4,2903.8
2006,"Ставропольский край",6488.4,7173
2006,"Тульская область",6564.1,2236.3
2006,"Тюменская область",18813.4,24180.1
2006,"Ханты-Мансийский ...",22481.9,6639.7
2006,"Ямало-Ненецкий ав...",27665,5156.8
2006,"Ульяновская область",6137.1,3367.3
2006,"Челябинская область",8655.2,10180.1
2006,"Забайкальский край",7119.2,2173.1
2006,"Агинский Бурятски...",6806.2,415.4
2006,"Чукотский авт.округ",23326.1,539.7
2006,"Ярославская область",8263.5,2380.8
2006,"Республика Адыгея",4731,555
2006,"Хабаровский край",12356.6,4393.4
2006,"Республика Башкор...",8903.6,19643.6
2006,"Республика Бурятия",6989.8,1169.4
2006,"Республика Дагестан",6112.1,11552.2
2006,"Кабардино-Балкарс...",5258.5,2089.6
2006,"Республика Алтай",5557,242.1
2006,"Республика Калмыкия",3456.7,406.6
2006,"Республика Карелия",9127.6,1129.5
2006,"Республика Коми",13782.2,2082.5
2006,"Республика Марий Эл",4896.5,2504.9
2006,"Республика Мордовия",4826.9,2879.9
2006,"Республика Северн...",5976.7,1645.5
2006,"Карачаево-Черкесс...",5196.3,1298.7
2006,"Республика Татарстан",9365.5,16778.6
2006,"Республика Тыва",4819.6,508
2006,"Удмуртская Респуб...",6262,4752.2
2006,"Республика Хакасия",6425.5,1265.3
2006,"Чувашская Республика",5448.8,6748.9
2006,"Республика Саха (...",13554.9,4851.4
2006,"Еврейская автоном...",7623.8,230.4
2007,"Алтайский край",7597.1,7043.4
2007,"Амурская область",9662.3,3335.5
2007,"Ненецкий авт.округ",38038.8,1645.2
2007,"Астраханская область",8638.6,9361
2007,"Белгородская область",9399.1,10788.3
2007,"Брянская область",7626.2,3324.5
2007,"Владимирская область",7014.9,3353.7
2007,"Волгоградская обл...",9409.8,7202.9
2007,"Вологодская область",10521,7471.3
2007,"Воронежская область",8306.6,11813.5
2007,"Нижегородская обл...",10171.9,20513.9
2007,"Ивановская область",5683.5,3434.6
2007,"Иркутская область",10280,6454.2
2007,"Усть-Ордынский Бу...",4083.3,163.2
2007,"Республика Ингушетия",4886.7,3084
2007,"Калининградская о...",11430.7,5889.7
2007,"Тверская область",8542.9,5244.6
2007,"Калужская область",9185.5,9641.5
2007,"Краснодарский край",9692.3,43626
2007,"Камчатский край",16787.1,1237.6
2007,"Кемеровская область",11876,16543.5
2007,"Кировская область",7407.4,4112.3
2007,"Костромская область",7857.3,1870
2007,"Самарская область",13779.3,9986.5
2007,"Курганская область",8700.9,2329.3
2007,"Курская область",8686.6,7706.1
2007,"Красноярский край",12880.3,18265.3
2007,"г.Санкт-Петербург",16214.2,23793.1
2007,"Ленинградская обл...",10201.2,10909.5
2007,"Липецкая область",9471.9,12509
2007,"Магаданская область",16634.1,290.7
2007,"г.Москва",33314.8,104908
2007,"Московская область",14034.1,65757.2
2007,"Мурманская область",15859.1,268
2007,"Новгородская область",8614.1,4899.5
2007,"Приморский край",10894.4,7480.5
2007,"Новосибирская обл...",10290.2,10206.8
2007,"Омская область",11450.7,21849.8
2007,"Оренбургская область",7914.3,9559
2007,"Орловская область",7324.9,5760.7
2007,"Пензенская область",7908.4,9727.8
2007,"Пермский край",13691.1,23772.6
2007,"Псковская область",7923.2,1402.8
2007,"Ростовская область",9538.8,26244
2007,"Рязанская область",8049,5242.4
2007,"Саратовская область",7320.3,7173.1
2007,"Сахалинская область",20513,3246.4
2007,"Свердловская область",14481.5,30471.6
2007,"Смоленская область",8227.9,3859.8
2007,"Тамбовская область",8514.7,7526.8
2007,"Томская область",11997.9,4424.3
2007,"Ставропольский край",8122.4,9743.4
2007,"Тульская область",8264.7,5131.3
2007,"Тюменская область",22794.5,35996.9
2007,"Ханты-Мансийский ...",27357.9,19173.9
2007,"Ямало-Ненецкий ав...",32589.9,6100.1
2007,"Ульяновская область",7761.7,8260.6
2007,"Челябинская область",10699.6,22194.6
2007,"Забайкальский край",8265.4,3551.3
2007,"Агинский Бурятски...",7816.4,872.4
2007,"Чукотский авт.округ",26557.3,928.2
2007,"Ярославская область",10101.3,4258.7
2007,"Республика Адыгея",5802.1,1042.6
2007,"Хабаровский край",15081,6460.2
2007,"Республика Башкор...",11072.8,31326.3
2007,"Республика Бурятия",8845.7,1935
2007,"Республика Дагестан",7724.2,16635.6
2007,"Кабардино-Балкарс...",6902,2357.2
2007,"Республика Алтай",7066.8,562.5
2007,"Республика Калмыкия",4375.2,666
2007,"Республика Карелия",10547.6,2089.5
2007,"Республика Коми",16760.7,2415.2
2007,"Республика Марий Эл",6072.3,4423.5
2007,"Республика Мордовия",6060.4,3971
2007,"Республика Северн...",7781.7,1531.9
2007,"Карачаево-Черкесс...",6402,1636.3
2007,"Республика Татарстан",11566.9,35041.3
2007,"Республика Тыва",5959.2,321.3
2007,"Удмуртская Респуб...",7823.8,7102.5
2007,"Республика Хакасия",8066.9,2789
2007,"Чувашская Республика",6848.7,9409.1
2007,"Республика Саха (...",15571.2,7248.9
2007,"Еврейская автоном...",8751.5,493.2
2008,"Алтайский край",9973.6,8836.4
2008,"Амурская область",12297.4,2372.1
2008,"Ненецкий авт.округ",48930.2,1068.1
2008,"Астраханская область",11066.9,9535.4
2008,"Белгородская область",12748.9,14479.8
2008,"Брянская область",10083.4,4336.7
2008,"Владимирская область",9479.9,4453.4
2008,"Волгоградская обл...",10833.5,10839.8
2008,"Вологодская область",12229.7,8689.8
2008,"Воронежская область",10586.8,19141.1
2008,"Нижегородская обл...",13078.2,38766.2
2008,"Ивановская область",8343.1,5713.5
2008,"Иркутская область",13169.4,8382.9
2008,"Республика Ингушетия",6909.2,1423.2
2008,"Калининградская о...",12919.9,11287.6
2008,"Тверская область",10803.3,7438.1
2008,"Калужская область",11612.4,12485.8
2008,"Краснодарский край",11906.2,69997.1
2008,"Камчатский край",20116.1,401.9
2008,"Кемеровская область",14670.1,21812.2
2008,"Кировская область",10370.4,5736.6
2008,"Костромская область",9607.9,2022.9
2008,"Самарская область",15564.2,11052.3
2008,"Курганская область",11445.4,6751.6
2008,"Курская область",11523.9,9678.4
2008,"Красноярский край",15908.7,17342.9
2008,"г.Санкт-Петербург",16946,42119.6
2008,"Ленинградская обл...",11567.3,13877.8
2008,"Липецкая область",12085.1,12217.2
2008,"Магаданская область",19937.2,353.8
2008,"г.Москва",31940.1,129922.1
2008,"Московская область",19046.8,99672.6
2008,"Мурманская область",19615.2,777.1
2008,"Новгородская область",11653.3,6842.5
2008,"Приморский край",12927.3,7524.5
2008,"Новосибирская обл...",13040.3,16866.4
2008,"Омская область",13801.5,27832.9
2008,"Оренбургская область",10508.3,11807.4
2008,"Орловская область",10027.3,8842.4
2008,"Пензенская область",10043.5,11694.5
2008,"Пермский край",16398,29534.4
2008,"Псковская область",10336.4,2476.8
2008,"Ростовская область",12027.7,41091.4
2008,"Рязанская область",11214.8,8755.2
2008,"Саратовская область",9155.7,13359.2
2008,"Сахалинская область",25007.3,5926.9
2008,"Свердловская область",17481.2,37150.5
2008,"Смоленская область",11222.5,5846.7
2008,"Тамбовская область",11144.9,11694.8
2008,"Томская область",13584.3,7397.2
2008,"Ставропольский край",9745.6,12363.8
2008,"Тульская область",11227,6214.8
2008,"Тюменская область",27984.1,46368.3
2008,"Ханты-Мансийский ...",33197.3,22550.5
2008,"Ямало-Ненецкий ав...",39568.6,7447.8
2008,"Ульяновская область",9727.8,11003.6
2008,"Челябинская область",14120,35729.7
2008,"Забайкальский край",11047.2,4195.3
2008,"Чукотский авт.округ",30554.3,399.1
2008,"Ярославская область",12815.8,5896.4
2008,"Республика Адыгея",8047,1519.2
2008,"Хабаровский край",16283.5,8283.5
2008,"Республика Башкор...",14245.4,44604.3
2008,"Республика Бурятия",11233.4,2611
2008,"Республика Дагестан",10541.1,23255.5
2008,"Кабардино-Балкарс...",8931.4,3511.5
2008,"Республика Алтай",10384.8,1018
2008,"Республика Калмыкия",5530.9,967.8
2008,"Республика Карелия",12833.8,2325.1
2008,"Республика Коми",19334,3341.7
2008,"Республика Марий Эл",7825.4,6232.2
2008,"Республика Мордовия",8269.6,4839
2008,"Республика Северн...",9847.5,2041.3
2008,"Карачаево-Черкесс...",7918.1,2386.6
2008,"Республика Татарстан",14163.7,52860.9
2008,"Республика Тыва",8084.1,476.2
2008,"Удмуртская Респуб...",9586.6,7660.4
2008,"Республика Хакасия",10303.6,2827.6
2008,"Чувашская Республика",8732.2,13104.4
2008,"Республика Саха (...",18586.4,6820
2008,"Еврейская автоном...",11306.3,1422.6
2009,"Алтайский край",9868.3,7692
2009,"Амурская область",13196.4,1953.8
2009,"Ненецкий авт.округ",49090.8,1510
2009,"Астраханская область",13011.9,8965.2
2009,"Белгородская область",14146.7,14214.1
2009,"Брянская область",11484.3,4465.8
2009,"Владимирская область",10827.5,5196.8
2009,"Волгоградская обл...",12530.7,10137.2
2009,"Вологодская область",12239.1,4264
2009,"Воронежская область",11999.4,19909.9
2009,"Нижегородская обл...",14490.7,42579.8
2009,"Ивановская область",9351.2,5760.8
2009,"Иркутская область",13909.9,7865.3
2009,"Республика Ингушетия",8000.5,2121.9
2009,"Калининградская о...",14771.7,6974.1
2009,"Тверская область",12185,9707.7
2009,"Калужская область",13379.8,10355.3
2009,"Краснодарский край",13752.1,64290
2009,"Камчатский край",24051.1,1807.3
2009,"Кемеровская область",13736.1,20700.1
2009,"Кировская область",11245.4,6061.4
2009,"Костромская область",10695.6,1575.1
2009,"Самарская область",18021,11420.6
2009,"Курганская область",12153.2,5162
2009,"Курская область",12801.5,4952.7
2009,"Красноярский край",17008.8,17246.6
2009,"г.Санкт-Петербург",21552.8,35891
2009,"Ленинградская обл...",12537.7,18576
2009,"Липецкая область",14487.2,12970.8
2009,"Магаданская область",24753.9,436.1
2009,"г.Москва",40071.6,96288.4
2009,"Московская область",20064.1,74593.8
2009,"Мурманская область",22333.1,568.4
2009,"Новгородская область",13388.8,4846
2009,"Приморский край",15485.6,8235.3
2009,"Новосибирская обл...",15117.7,13259.4
2009,"Омская область",14061.1,11511.1
2009,"Оренбургская область",12008.1,10346.2
2009,"Орловская область",10926.5,6242.2
2009,"Пензенская область",11415.5,9367.6
2009,"Пермский край",17975,15144.3
2009,"Псковская область",11438,1542.6
2009,"Ростовская область",12800,38015.8
2009,"Рязанская область",11968.4,6050.6
2009,"Саратовская область",10485.5,17123.1
2009,"Сахалинская область",28348.7,3613
2009,"Свердловская область",19722.5,29260.9
2009,"Смоленская область",12616,5085.3
2009,"Тамбовская область",11970.2,16295.2
2009,"Томская область",13917.6,6779.7
2009,"Ставропольский край",11244.5,16164.3
2009,"Тульская область",13191,7250.9
2009,"Тюменская область",27719,43646.3
2009,"Ханты-Мансийский ...",32196.7,23357.8
2009,"Ямало-Ненецкий ав...",40196.3,6046.8
2009,"Ульяновская область",10762.7,9509.7
2009,"Челябинская область",15215.1,26835.9
2009,"Забайкальский край",12704.8,3933.3
2009,"Чукотский авт.округ",33607.2,250.3
2009,"Ярославская область",13424.6,6199.5
2009,"Республика Адыгея",10555.8,3263.4
2009,"Хабаровский край",19928.4,8710.7
2009,"Республика Башкор...",16124.8,34046.9
2009,"Республика Бурятия",12956.1,2430.6
2009,"Республика Дагестан",13250.1,25847.3
2009,"Кабардино-Балкарс...",9985.6,4329.2
2009,"Республика Алтай",11081.3,1163.1
2009,"Республика Калмыкия",6953.5,984.2
2009,"Республика Карелия",14293,2262.8
2009,"Республика Коми",20085,2838.7
2009,"Республика Марий Эл",9205.4,5450
2009,"Республика Мордовия",9522.2,6317.4
2009,"Республика Северн...",9977.7,1962.4
2009,"Карачаево-Черкесс...",9200.6,2090.4
2009,"Республика Татарстан",15892.5,42327.7
2009,"Республика Тыва",10041.8,671.4
2009,"Удмуртская Респуб...",11060,8023.8
2009,"Республика Хакасия",10705.7,2579.8
2009,"Чувашская Республика",9586.3,11025.3
2009,"Республика Саха (...",21161.7,6928.7
2009,"Еврейская автоном...",13646.2,627.5
2010,"Алтайский край",11029.3,7174.9
2010,"Амурская область",14323.4,1895.4
2010,"Ненецкий авт.округ",52270.1,1394
2010,"Астраханская область",14697.2,9242.5
2010,"Белгородская область",16992.8,23468.1
2010,"Брянская область",13358.4,4690
2010,"Владимирская область",12956.2,7885.6
2010,"Волгоградская обл...",13774.8,12334.3
2010,"Вологодская область",14115.1,4203.8
2010,"Воронежская область",13883.3,22769.7
2010,"Нижегородская обл...",16477.3,39496.6
2010,"Ивановская область",11123.5,5334.1
2010,"Иркутская область",15109.7,10327.5
2010,"Республика Ингушетия",9630,1976.6
2010,"Калининградская о...",16040.1,8671.8
2010,"Тверская область",13872.6,9788.7
2010,"Калужская область",15477.4,12200.5
2010,"Краснодарский край",16892.1,74286.6
2010,"Камчатский край",27010.3,2135.9
2010,"Кемеровская область",15341.2,19381.6
2010,"Кировская область",13330.9,7045.9
2010,"Костромская область",13314.8,1921.3
2010,"Самарская область",20223.1,12890.6
2010,"Курганская область",13498.9,3052.6
2010,"Курская область",14685.1,9395.3
2010,"Красноярский край",18261.6,19058.4
2010,"г.Санкт-Петербург",24824.3,31273.4
2010,"Ленинградская обл...",14798.5,16473.8
2010,"Липецкая область",15935.8,19888.6
2010,"Магаданская область",27800.7,463
2010,"г.Москва",44051.5,58617.9
2010,"Московская область",22641,86345.1
2010,"Мурманская область",24046.5,860.7
2010,"Новгородская область",15598.9,4888.3
2010,"Приморский край",17297.9,14133
2010,"Новосибирская обл...",16276,17184.4
2010,"Омская область",15199,13569.1
2010,"Оренбургская область",13557.1,10543.1
2010,"Орловская область",13114.6,6284.4
2010,"Пензенская область",12920.4,7642.6
2010,"Пермский край",19834.3,16461.8
2010,"Псковская область",12797.6,1378.3
2010,"Ростовская область",14647.1,38715.3
2010,"Рязанская область",13886.3,4940.9
2010,"Саратовская область",12146.6,17443
2010,"Сахалинская область",30727,3008.5
2010,"Свердловская область",22193.8,39696.2
2010,"Смоленская область",14546,4391.4
2010,"Тамбовская область",13630.8,17063.7
2010,"Томская область",15070.5,7815.7
2010,"Ставропольский край",13016.1,19601.9
2010,"Тульская область",15349.5,6998.6
2010,"Тюменская область",28756.7,36213.6
2010,"Ханты-Мансийский ...",32385,15328.3
2010,"Ямало-Ненецкий ав...",43367.1,4317.5
2010,"Ульяновская область",13132.4,9193
2010,"Челябинская область",16821.1,18896.7
2010,"Забайкальский край",14204.5,4286.8
2010,"Чукотский авт.округ",38146.8,205.8
2010,"Ярославская область",14490.6,7186.3
2010,"Республика Адыгея",12278.7,3732.4
2010,"Хабаровский край",22478.9,7687.1
2010,"Республика Башкор...",17498.9,37283.2
2010,"Республика Бурятия",14270.7,3328.6
2010,"Республика Дагестан",15678.3,43424.9
2010,"Кабардино-Балкарс...",11290,6269.3
2010,"Республика Алтай",13535.7,649.5
2010,"Республика Калмыкия",7774,1215.4
2010,"Республика Карелия",16045.7,2247.2
2010,"Республика Коми",22260.3,1687.5
2010,"Республика Марий Эл",10335.7,6482.2
2010,"Республика Мордовия",11294.2,7405.2
2010,"Республика Северн...",13192.9,3120.2
2010,"Карачаево-Черкесс...",10878,2077.9
2010,"Республика Татарстан",18424,53933.1
2010,"Республика Тыва",10159.6,864.2
2010,"Удмуртская Респуб...",12983.6,9998.2
2010,"Республика Хакасия",12806.4,3833.4
2010,"Чеченская Республика",11982.4,14547.4
2010,"Чувашская Республика",11065.8,13765.7
2010,"Республика Саха (...",23088.1,9922.4
2010,"Еврейская автоном...",15347.8,460.3
2011,"Алтайский край",12499.9,6624.5
2011,"Амурская область",17789.7,4003.5
2011,"Ненецкий авт.округ",54632.3,839.7
2011,"Астраханская область",16032,12292.8
2011,"Белгородская область",18799.7,29073.3
2011,"Брянская область",15347.6,6879
2011,"Владимирская область",14312.2,12027.9
2011,"Волгоградская обл...",14519.4,11085.9
2011,"Вологодская область",15637.9,3531.8
2011,"Воронежская область",15908.5,25248.3
2011,"Нижегородская обл...",18336.7,54013.7
2011,"Ивановская область",13005.5,5314.6
2011,"Иркутская область",16017.2,11524.1
2011,"Республика Ингушетия",11562.2,1767.8
2011,"Калининградская о...",16880.5,9800.3
2011,"Тверская область",14943.4,11686.9
2011,"Калужская область",17556.9,17895.2
2011,"Краснодарский край",18796,125078.1
2011,"Камчатский край",28964.9,3216.9
2011,"Кемеровская область",16666,22916.9
2011,"Кировская область",14675,7995
2011,"Костромская область",14574.3,2241.4
2011,"Самарская область",21756.1,26234.7
2011,"Курганская область",14353,3266.8
2011,"Курская область",16386.9,8051
2011,"Красноярский край",20145.5,19672.6
2011,"г.Санкт-Петербург",26068.8,43425.3
2011,"Ленинградская обл...",15931.8,29164.6
2011,"Липецкая область",16811.3,27105.4
2011,"Магаданская область",30452.1,747.4
2011,"г.Москва",47318.9,56688.8
2011,"Московская область",25604.5,106523
2011,"Мурманская область",25303.5,382.4
2011,"Новгородская область",16980.9,5882.7
2011,"Приморский край",19159.7,12253.1
2011,"Новосибирская обл...",18244.1,23437.2
2011,"Омская область",17247.9,13242.1
2011,"Оренбургская область",14892,11074.1
2011,"Орловская область",14824.3,9884.3
2011,"Пензенская область",14171.5,17759.6
2011,"Пермский край",21307.3,16710.8
2011,"Псковская область",14185.3,2162
2011,"Ростовская область",16010.3,43442.7
2011,"Рязанская область",14788,4705.5
2011,"Саратовская область",13097.3,13801.5
2011,"Сахалинская область",32268.2,1488
2011,"Свердловская область",24892.6,57184.7
2011,"Смоленская область",15969.1,7336.4
2011,"Тамбовская область",15150.6,16430.7
2011,"Томская область",16516,9425.3
2011,"Ставропольский край",14439.9,21479.8
2011,"Тульская область",16975,7735.2
2011,"Тюменская область",30705.8,69753.7
2011,"Ханты-Мансийский ...",33926,19933.6
2011,"Ямало-Ненецкий ав...",46784.5,5529.3
2011,"Ульяновская область",14312.1,14387.6
2011,"Челябинская область",18459.9,18606.7
2011,"Забайкальский край",15968.8,5819.7
2011,"Чукотский авт.округ",43049.4,204
2011,"Ярославская область",15508.9,8723.6
2011,"Республика Адыгея",14271.6,2666.9
2011,"Хабаровский край",23766.2,8493.5
2011,"Республика Башкор...",19029.8,42526.1
2011,"Республика Бурятия",15715.5,2667.1
2011,"Республика Дагестан",18278.1,43914.2
2011,"Кабардино-Балкарс...",12636.2,9485.6
2011,"Республика Алтай",13836.9,1661.4
2011,"Республика Калмыкия",8829.4,809.5
2011,"Республика Карелия",17542.7,2868.7
2011,"Республика Коми",23924.9,1690.8
2011,"Республика Марий Эл",11328.4,7011.4
2011,"Республика Мордовия",11948,6910.7
2011,"Республика Северн...",13757,5257.6
2011,"Карачаево-Черкесс...",11741.6,2015.2
2011,"Республика Татарстан",20222.6,69333.6
2011,"Республика Тыва",10962.8,2014.8
2011,"Удмуртская Респуб...",14452.3,10422.9
2011,"Республика Хакасия",14222.8,4027.2
2011,"Чеченская Республика",14026.5,20323.1
2011,"Чувашская Республика",12083,15171.4
2011,"Республика Саха (...",25616.9,12344.3
2011,"Еврейская автоном...",16525.3,461.3
2012,"Алтайский край",13628.9,9825
2012,"Амурская область",21469.3,5955.8
2012,"Ненецкий авт.округ",61936.9,940.8
2012,"Астраханская область",17773.4,11152.4
2012,"Белгородская область",21562.9,30554.2
2012,"Брянская область",17421.6,5438.2
2012,"Владимирская область",16136,8222.6
2012,"Волгоградская обл...",16066.4,18624.3
2012,"Вологодская область",18125.2,4707.3
2012,"Воронежская область",18885.1,27036
2012,"Нижегородская обл...",21517.6,48073.5
2012,"Ивановская область",15930.1,5688.4
2012,"Иркутская область",17720.3,13681.5
2012,"Республика Ингушетия",12375.5,2957.7
2012,"Калининградская о...",19371.3,9099.6
2012,"Тверская область",17247.3,7719.2
2012,"Калужская область",20621.2,14549.5
2012,"Краснодарский край",21077.2,134943.6
2012,"Камчатский край",31481.6,3457.7
2012,"Кемеровская область",18385.5,28807
2012,"Кировская область",16529.9,9684.2
2012,"Костромская область",15808.2,2510.3
2012,"Самарская область",24683,26975.1
2012,"Курганская область",16019.5,4821.2
2012,"Курская область",18807.8,9161.1
2012,"Красноярский край",22137.6,29230.1
2012,"г.Санкт-Петербург",27794.6,45093.7
2012,"Ленинградская обл...",17925,42069.1
2012,"Липецкая область",19777.4,24406.5
2012,"Магаданская область",36575.6,876.3
2012,"г.Москва",48621.6,78875.8
2012,"Московская область",29699.1,121950.6
2012,"Мурманская область",28604.2,1031.1
2012,"Новгородская область",19649.2,7206.9
2012,"Приморский край",21299.7,14770.8
2012,"Новосибирская обл...",20637.1,22964.3
2012,"Омская область",19468.8,13195.8
2012,"Оренбургская область",16539.1,13944.7
2012,"Орловская область",16762.2,12640.3
2012,"Пензенская область",15765.3,15026
2012,"Пермский край",23269.6,16654.8
2012,"Псковская область",16412.1,3846.9
2012,"Ростовская область",17987.3,50683.2
2012,"Рязанская область",17664.4,5875.4
2012,"Саратовская область",14243.3,21106.3
2012,"Сахалинская область",33459.5,2667
2012,"Свердловская область",27709.2,53059.8
2012,"Смоленская область",18250.4,6805.7
2012,"Тамбовская область",17469.8,20693.9
2012,"Томская область",17875.6,13773.6
2012,"Ставропольский край",16877.2,21973.5
2012,"Тульская область",19291.1,8397
2012,"Тюменская область",33280.7,63263.2
2012,"Ханты-Мансийский ...",36088.1,23780.8
2012,"Ямало-Ненецкий ав...",52342.3,4857.1
2012,"Ульяновская область",16350.6,10185.6
2012,"Челябинская область",19762.5,22392.6
2012,"Забайкальский край",17335.6,6448.1
2012,"Чукотский авт.округ",47856.7,3293.2
2012,"Ярославская область",18512.5,11504.8
2012,"Республика Адыгея",17025.3,1899.1
2012,"Хабаровский край",25649.3,8825.7
2012,"Республика Башкор...",21258.8,58626.6
2012,"Республика Бурятия",17119,5704.2
2012,"Республика Дагестан",20647.9,33398.6
2012,"Кабардино-Балкарс...",13681.1,8620.2
2012,"Республика Алтай",14277.7,1658.9
2012,"Республика Калмыкия",10183.8,933
2012,"Республика Карелия",20037.4,2837
2012,"Республика Коми",26787.3,2587.5
2012,"Республика Марий Эл",12537.9,8507.3
2012,"Республика Мордовия",13062.7,7021
2012,"Республика Северн...",16184.7,2723.8
2012,"Карачаево-Черкесс...",13353.9,2207.7
2012,"Республика Татарстан",24009.8,85737.7
2012,"Республика Тыва",11932.6,1113.1
2012,"Удмуртская Респуб...",16411,11198
2012,"Республика Хакасия",15991.4,5042.7
2012,"Чеченская Республика",15256.9,15196.5
2012,"Чувашская Республика",13754.9,16092.9
2012,"Республика Саха (...",28457.3,17069.1
2012,"Еврейская автоном...",18151.4,1113.5
